,58,59,60,61,62,63,64,65,66,67,68,69,70,71,72,73,74,75,76,77,78,79,80,81,82,83,84,85,86,87,88,89,90,91,92,93,94,95,96,97,98,99,100,101,102,103,104,105,106,107,108,109,110,111,112,113,114,115,116,117,118,119,120,121,122,123,124,125,126,127,128,129,130,131,132,133,134,135,136,137,138,139,140,141,142,143,144,145,146,147,148,149,150,151,152,153,154,155,156,157
58,1.0,0.0035963192453190547,0.0024743138584939323,0.09623776288219053,0.003256254801359773,0.0026532992773234836,0.0028136003887758256,0.09357998371790759,0.003202370354247725,0.0033835786421906253,0.003226167479684313,0.0030671046855438944,0.003468270121760743,0.0035608457987751337,0.003256359292273005,0.00421355460131449,0.0034066687218003303,0.0034905918172442154,0.09975473402777253,0.0031635892664183597,0.0029321019622514668,0.0030936201981589992,0.0031440451913868498,0.002836142465084888,0.0027714309328913966,0.003105756750135544,0.0029724669083259583,0.0038079224105562965,0.0031630596628799664,0.0027253491968729443,0.0036889056081498514,0.002889291485837713,0.0032715420413884128,0.0030661925747265052,0.003198207901216292,0.0033618068036867523,0.003191396579595602,0.003456772504619201,0.0033371823018416404,0.0029229805658164605,0.0031293830437591616,0.003131267540929643,0.0033510765712264105,0.0030789571152426073,0.0911775805506902,0.003070537210506095,0.0032500753885146114,0.0034144350750897755,0.003123765433822262,0.0035687208957066105,0.0034153066937254823,0.0033745024512626927,0.0032788427119478814,0.0029922275154926122,0.0037867664713841357,0.003196615925859198,0.002989869111945365,0.003439857914536661,0.0030776679464723402,0.002990967987417643,0.003073913104479166,0.0033274728516732707,0.003402795303453584,0.0032340019944403016,0.0032205292982294036,0.0028821681633809317,0.0031480563210646,0.003296817414964732,0.004076338067624619,0.002751308623894186,0.0033079621242550357,0.0028134055829872047,0.0032226972021500173,0.003000130850534828,0.0030604809678710645,0.002799801921024306,0.0029301027418057422,0.003183786076951089,0.003391273765490913,0.003111318555767592,0.003523767032956611,0.0032658285990065945,0.003058169344765512,0.003303934405546319,0.003002459961738744,0.0032225834109304977,0.002756459855850879,0.0032324927786362718,0.003077544532590877,0.0027333802453499718,0.0030832890669231423,0.0034346895213814227,0.0030305480305078277,0.0911775805506902,0.002846025808571578,0.003069226291330333,0.00318151133806973,0.003228144322696123,0.0030920933598060437,0.0033220413777037016
59,0.0035963192453190547,1.0000000000000002,0.002835358369714849,0.00394899604677119,0.0037313978068163646,0.0030404608079496595,0.0032241525803053473,0.03956496443094822,0.0036696507016170275,0.0038773003634078465,0.0036969202327438726,0.003514647469275304,0.040949888145657067,0.0040804338156867626,0.0037315175447325453,0.0048283839433205245,0.0039037596786859045,0.003999928582344729,0.0040933105521646015,0.003625210792918231,0.0033599455505565227,0.0035450320465440417,0.0036028149046485607,0.003249983929272755,0.003175829882973403,0.0035589395280496905,0.0034062004293798024,0.004363563111014284,0.0036246039112083545,0.0031230240372386833,0.0042271797311607615,0.003310888296888186,0.0386271184064111,0.03620255590252332,0.2010275809914401,0.0038523516430528587,0.003657075666440932,0.04081413570442313,0.0038241340072153844,0.0033494931871117235,0.2300641365760488,0.14997734472344165,0.0038400556870200474,0.0035282293702262844,0.003741357803480996,0.0035185808580600053,0.003724316712447392,0.003912659275123842,0.003579575985241004,0.004089458023315204,0.003913658077755717,0.003866899801723118,0.0037572816780643502,0.003428844445509075,0.04471037664107355,0.003663056604171255,0.003426141910738113,0.21621681168712703,0.003526752089787425,0.003427401130847519,0.0035224493524302555,0.0038130077829873175,0.003899321062666699,0.03818388282511577,0.038024810612315746,0.2426165917400337,0.00360741132642617,0.003777879196227623,0.004671145181582493,0.0031527713865593878,0.0037906501083153628,0.0032239293490360643,0.0036929435826441605,0.003437901011669298,0.0035070572384410807,0.003208340681223019,0.003357654609815828,0.0036483546619100068,0.21316299084155912,0.0035653128957998733,0.004037944626758145,0.00374236858451083,0.0035044083101745823,0.003786034676884781,0.0034405699798454046,0.00369281318734869,0.0031586742709459477,0.0037041685004859854,0.0035266106677198307,0.032273038539975506,0.00353319342739811,0.003935869189912873,0.003472756575979988,0.003741357803480996,0.0032613094208144024,0.0035170786534612403,0.0036457479999038767,0.0036991855308021225,0.003543282416484624,0.0038067837645077546
60,0.0024743138584939323,0.002835358369714849,1.0,0.002716960030281419,0.0025672496447518528,0.0020918761100281787,0.0022182584101041744,0.0026419262852897443,0.002524766842838351,0.002667632478737986,0.0025435286307051008,0.002418122626979685,0.00273440371873711,0.0028073909044538455,0.0025673320259769843,0.1703856574333231,0.1377572013995991,0.0027520022693100794,0.0028162502646346082,0.0024941916145388176,0.002311685718765903,0.0024390276066247408,0.0024787829555909077,0.002236030710162586,0.0021850117733257894,0.16291595176926157,0.0023435096698359767,0.0030021874982452167,0.0024937740721231467,0.0021486806728315904,0.002908353980189487,0.0022779336977880077,0.002579302190982686,0.002417403513668608,0.0025214851413996988,0.15762955049496408,0.00251611505703047,0.0027253389325570514,0.0026310533424157984,0.11819805662802947,0.0024672232357333696,0.0024687089839277167,0.0026420076627371816,0.0024274671493803154,0.0025741022504569572,0.05898113534022978,0.0025623777608240685,0.0026919598644098855,0.0024627942803860064,0.0028135996752758578,0.0026926470534566218,0.03374019991680749,0.0025850580808142866,0.002359089043940082,0.002985508036520833,0.002520230019052318,0.002357229665286322,0.0027120033743684257,0.0024264507614532678,0.002358096024904327,0.18092388427900885,0.0026233983571594005,0.002682783002824752,0.0025497054063111486,0.0025390834566569524,0.002272317630200487,0.0024819453528443286,0.07859076759176653,0.003213807915654423,0.002169147231459132,0.0026080159896578166,0.002218104824122075,0.0025407926443310027,0.07151824221414878,0.0024129004506206948,0.0022073796203305926,0.0023101095220945233,0.0025101148938361313,0.002673699357334445,0.0024529810915499307,0.0027781577964256627,0.002574797680795428,0.0024110779539309236,0.07876042507725887,0.0023671563622529347,0.002540702930691958,0.0021732084917773765,0.0025485155320620167,0.002426353461253292,0.0021550123967313986,0.0024308824845095845,0.002707928584064491,0.0023893011540361466,0.0025741022504569572,0.0022438227938915895,0.0024197953129437145,0.002508321476876674,0.002545087184881414,0.002437823838658677,0.0026191161524581497
61,0.09623776288219053,0.00394899604677119,0.002716960030281419,1.0,0.003575582828078057,0.002913497841074375,0.0030895190483802262,0.10275700252137775,0.0035164141464030653,0.0037153928142897104,0.0035425449617904705,0.21952529027607268,0.003808389652224193,0.003910043859656649,0.003575697566001787,0.004626761232363644,0.003740747246663043,0.0038329003480797393,0.10953728616699514,0.003473829950707151,0.10654111600870027,0.003396999292719233,0.0034523692655531045,0.0031142717369371073,0.003043214200778375,0.003410326028336264,0.0032639649790312227,0.004181350297327165,0.003473248411044844,0.002992613411206626,0.004050661987935794,0.0031726328718991526,0.0035923692272604203,0.0033668819507596095,0.0035118434980693854,0.0036914858977125345,0.0035043642170827483,0.0037957645092538254,0.003664446568385299,0.003209625706678377,0.0034362692591106063,0.00343833856146358,0.0036797033938033,0.003380898259267968,0.10011900517938971,0.003371652647782849,0.0035687974246607517,0.0037492752154961125,0.0034301007523902995,0.003918691236190537,0.0037502323103233244,0.003705426557222628,0.0036003858457004114,0.0032856634307703125,0.004158119678892683,0.0035100954039868305,0.0032830737479169637,0.0037771911722355262,0.0033794826668163158,0.003284280385759688,0.003375359602322918,0.0036537849508492246,0.003736493977502164,0.0035511477764154625,0.0035363538661847636,0.0031648109933886956,0.003456773750850437,0.0036201232567347123,0.0044760884160394985,0.003021118576541088,0.003632360883576965,0.0030893051387585616,0.29228313212924173,0.0032943418146147503,0.0033606102292148094,0.0030743674194826597,0.10646847215791434,0.0034960073825508193,0.003723842567890369,0.0034164332582443026,0.003869328925956843,0.0035860954901864323,0.0033580719143760105,0.0036279381824280243,0.0032968993325405366,0.0035386094175924422,0.0030267749694376476,0.003549490557787946,0.003379347150223719,0.003001432032837197,0.0033856550283127354,0.00377151593520957,0.003327741887098206,0.10011900517938971,0.0031251243008213127,0.06363963642807191,0.0034935095690261674,0.06693476190205584,0.003395322723369132,0.0036478208337142166
62,0.003256254801359773,0.0037313978068163646,0.0025672496447518528,0.003575582828078057,1.0,0.0027529577962575867,0.00291927985358941,0.0034768366679842596,0.0033226521065967255,0.0035106666186807607,0.18360986356222145,0.0031823058288862655,0.0035985391293137632,0.0036945919696242157,0.003378668881303834,0.004371816661913462,0.0035346239668853207,0.0036216992327111086,0.0037062510944464583,0.003282414392366879,0.0030422323728761303,0.003209817270132032,0.0032621362374717733,0.0029426686153658298,0.0028755265034365817,0.003222409673736505,0.21069282423008057,0.003950948834637198,0.07022812340701703,0.0028277139270260336,0.0038274617343048954,0.002997813925318404,0.0033944218978983463,0.13167428613293136,0.0033183333108911775,0.003488077025015112,0.0033112661544950806,0.0035866096590807177,0.00346252762133011,0.003032768374734979,0.0032469233762742076,0.003248878655583195,0.003476943762604867,0.003194603438516108,0.0033875786547723527,0.0031858672802597687,0.003372148952703826,0.2897156767380792,0.0032410947676418177,0.003702762856971557,0.0035435863829830594,0.003501249523975719,0.003401996783289666,0.0031046162554498606,0.00392899827362099,0.0033166815405808255,0.003102169269733773,0.003569059753181974,0.003193265848276239,0.0031033094192164865,0.04612819192837175,0.003452453482024818,0.05106351074854622,0.003355471838324996,0.003341493104607548,0.0029904230492644847,0.003266298026084365,0.0034206466202034917,0.004229446244288342,0.1950167999089042,0.0034322099272868587,0.0029190777308514574,0.003343742435488085,0.003112816441537746,0.003175433322884598,0.0029049631122788425,0.003040158061259822,0.003303369799655763,0.0035186507725467582,0.0032281803820417747,0.0036561205170036574,0.0033884938573328052,0.00317303487469414,0.003428030926555558,0.0031152330346834838,0.0033436243702447107,0.002859993109367805,0.0033539059360351755,0.0031931377989415696,0.0028360466234941296,0.0031990980992782246,0.0035636972340148225,0.0031443760976468406,0.0033875786547723527,0.0029529231794616756,0.003184507122664272,0.003301009621069273,0.003349394151109733,0.003208233083386376,0.0034468180006686482
63,0.0026532992773234836,0.0030404608079496595,0.0020918761100281787,0.002913497841074375,0.0027529577962575867,1.0,0.03381578267056142,0.0028330363504361325,0.0027074018991231864,0.0028606020629526815,0.002727520865848953,0.002593043318502068,0.022308128349737964,0.0030104702491081234,0.0027530461367259373,0.0035622943219313927,0.002880123267083022,0.002951074944387831,0.003019970472325349,0.05723367471568772,0.018859461521762214,0.002615460509916277,0.0026580916572622646,0.0023977793467796858,0.0023430698329586384,0.002625721198167566,0.002513033054408543,0.003219357921040867,0.002674167192111943,0.0023041106352987666,0.0031187367307293316,0.0024427134873708477,0.03931964009904388,0.0025922721864073887,0.002703882807951435,0.0028421953484280477,0.002698124265668237,0.02223417496378328,0.0028213768871991687,0.002471195476967457,0.002645695737383799,0.0026472889607320874,0.002833123614516126,0.12494000455914869,0.0027603061016080663,0.002595945301587542,0.002747733492937933,0.0028866892283302015,0.0026409464029442265,0.0030171281462372853,0.0028874261268424218,0.021705008882369457,0.0027720544481930356,0.019246192806152924,0.024356716607539127,0.0027025368933230923,0.0025277455185885884,0.002908182633584938,0.019795750952905655,0.002528674548404456,0.0025987994067480542,0.0028131681602508885,0.002876848536484118,0.0027341444533115766,0.0027227541394900315,0.0024366911680841438,0.002661482814094817,0.0027872509244592633,0.026219259059132183,0.00232605769146116,0.021277017375592944,0.2934974418882581,0.002724586965347915,0.002536421170518905,0.0025874433835092626,0.01800849945803668,0.11889969110243274,0.002691690066299102,0.0028671078037423286,0.12625318898341875,0.002979122494198684,0.002761051837565596,0.002585489052156635,0.0027932678905453604,0.002538390286954294,0.0027244907620579293,0.0023304127327710682,0.0027328685066589364,0.002601869549885351,0.0023109003796110738,0.019831906347982597,0.1393751547678967,0.0025621369752869693,0.0027603061016080663,0.018305814367206703,0.0025948370022113166,0.0026897669182287262,0.0027291921617742802,0.1254730559769553,0.002808576192016876
64,0.0028136003887758256,0.0032241525803053473,0.0022182584101041744,0.0030895190483802262,0.00291927985358941,0.03381578267056142,1.0000000000000002,0.003004196415054969,0.0028709716619791225,0.003033427531241637,0.00289230613151491,0.12758873632730383,0.04420242740146954,0.0031923501188426246,0.002919373531214931,0.003777513066385281,0.0030541281238961916,0.0031293664012195413,0.003202424305334096,0.002836203851931435,0.03736906860482065,0.002773475563205787,0.0028186823040253248,0.002542643025593176,0.0024846281945214567,0.0027843561588097834,0.0026648598743911458,0.18536811068652215,0.002835729054646107,0.06353120920398932,0.0033071576030130894,0.1321155153801019,0.08045734755644075,0.002748886299342013,0.0028672399622143804,0.07836781121240471,0.002861133513181186,0.04405589250968006,0.002991832536401396,0.002620494647611142,0.0028055374751372445,0.0028072269542964417,0.0030042889512613036,0.0392407089358013,0.002927072112445263,0.07157796223438992,0.0029137399199766108,0.003061090772729529,0.03780963907844722,0.0031994102579347874,0.0030618721915307142,0.043007376698299155,0.0029395302444025022,0.038135357073945324,0.04826160136359274,0.00286581273312118,0.0026804612033820407,0.003083882718552484,0.03922427873083588,0.0026814463612469855,0.0027558078667072475,0.002983127872916795,0.0030506555479357794,0.002899329888095708,0.0028872514197259783,0.0025839057344349157,0.038103652729275114,0.0029556448274411,0.051952134975735254,0.0024665882514436827,0.042159333186528855,0.0025222590796521254,0.0028891949771642114,0.002689661001479693,0.0027437657606121358,0.035682930339273396,0.037343588929504345,0.03853612091648344,0.003040326321352299,0.03965314919425683,0.0031591084652703143,0.03952915263212304,0.0027416933568314757,0.0029620253131495086,0.002691749083595233,0.002889092961678654,0.00247120640591552,0.0028979768541471415,0.0027590634948976,0.0024505151989694745,0.039295918816503524,0.04377444918805084,0.002716930446322001,0.002927072112445263,0.03627204478589693,0.0027516060704604636,0.002852271250184355,0.002894078400065785,0.07406230561461732,0.07744083069918693
65,0.09357998371790759,0.03956496443094822,0.0026419262852897443,0.10275700252137775,0.0034768366679842596,0.0028330363504361325,0.003004196415054969,1.0,0.0034193020360276344,0.0036127855496026263,0.0034447112018816087,0.003274873339393545,0.03815622992396781,0.003802060955748655,0.003476948237213561,0.004498984887265708,0.0036374397736578736,0.0037270479011938993,0.10651221671226227,0.0033778938795979998,0.0031307254003487147,0.003303185038616867,0.0033570258699192074,0.0030282655135331093,0.0029591703592233725,0.003316143732425879,0.0031738247071211433,0.004065874777469035,0.0033773284002009294,0.002909967001597176,0.003938795661135704,0.003085014900633809,0.03599192276112875,0.03373276727737477,0.0034148576143802852,0.0035895388655875775,0.003407584887209684,0.03802973870274549,0.0035632462760426258,0.00312098611164956,0.03442795824600363,0.0033433826489950493,0.0035780817567462996,0.003287528664205345,0.09735403851822305,0.0032785383869344703,0.003470238655704109,0.0036457322272711434,0.0033353723418571694,0.0038104695194040097,0.0036466628902007948,0.0036030945286755524,0.003500954705600078,0.00319492391703247,0.041660172673388104,0.003413157797064466,0.003192405752935622,0.0036728772345833156,0.003286152165888993,0.003193579067300938,0.0032821429672479944,0.0035528790982783864,0.003633303966185809,0.035578925326551346,0.03543070524095495,0.06033903043283089,0.003361308717421749,0.0035201470324778814,0.004352473172154403,0.0029376849454477686,0.0035320466952126197,0.0030039884129327977,0.003441005844372644,0.003203362631675644,0.003267800924644658,0.0029894632256803385,0.0031285907507659556,0.0033994588417155837,0.003621001948038009,0.003322082300179739,0.003762470438278214,0.003487059003993232,0.0032653327099421148,0.0035277461349220228,0.0032058495191373397,0.0034408843448252634,0.0029431851268662632,0.0034514649827352903,0.003286020391831192,0.030071327044808492,0.0032921540665051064,0.0036673587294499994,0.0032358403009976637,0.09735403851822305,0.003038818364318146,0.003277138664819005,0.0033970300098104464,0.00344682195816132,0.0033015547707491853,0.0035470796909805565
66,0.003202370354247725,0.0036696507016170275,0.002524766842838351,0.0035164141464030653,0.0033226521065967255,0.0027074018991231864,0.0028709716619791225,0.0034193020360276344,1.0000000000000002,0.003452572169295737,0.0032919512834593367,0.003129645088068508,0.0035389905671701707,0.0036334539267706034,0.0033227587281525165,0.004299471916777401,0.0034761330717240834,0.0035617674175843334,0.0036449201166005984,0.0032280970568035012,0.0029918895651418124,0.003156701270469001,0.0032081544644585124,0.002893973386937529,0.002827942341494151,0.0031690852952003723,0.003033077580603952,0.0038855686028956547,0.0032275566542797895,0.002780920966756091,0.20647135933892902,0.002948206153272087,0.0033382510641058244,0.0031287143786757473,0.003263421589696572,0.0034303563878282767,0.003256471380480069,0.00352725850560047,0.0034052297752255435,0.002982582177075245,0.003193193345420154,0.003195116268801568,0.0034194073584483463,0.00314173919707075,0.003331521062846574,0.0031331476046073978,0.0033163466912161685,0.003484057786370792,0.003187461188500774,0.003641489602418006,0.0034849471779180596,0.003443310908508044,0.0033457006004270783,0.0030532411203252584,0.003863981279376605,0.003261797152852229,0.0030508346272857105,0.003509999015235495,0.0031404237412506163,0.0030519559095948615,0.003136592335411814,0.18624164341058794,0.473771431883545,0.0032999455494324044,0.0032861981355543552,0.002940937581304959,0.00321224738386643,0.003364041820168067,0.004159457442316077,0.002807409724589831,0.003375413777849442,0.002870772883964678,0.0032884102445470903,0.003061305609878162,0.003122886308175135,0.0028568918338516525,0.0029898495791976032,0.17819936560592634,0.0034604242015241564,0.0031747605099262254,0.0035956190990705495,0.003332421120651172,0.0031205275494630975,0.0033713039311486525,0.003063682213283079,0.0032882941330452846,0.00281266599375689,0.0032984055596661016,0.17225293096854838,0.0027891157739097674,0.003146159480265724,0.0035047252349410907,0.003092343017353712,0.003331521062846574,0.0029040582586872944,0.0031318099548758396,0.00324638457198878,0.003293968435678155,0.0031551432988177154,0.00338978011709015
67,0.0033835786421906253,0.0038773003634078465,0.002667632478737986,0.0037153928142897104,0.0035106666186807607,0.0028606020629526815,0.003033427531241637,0.0036127855496026263,0.003452572169295737,1.0000000000000002,0.003478228568744546,0.0033067381677385596,0.0037392467370639336,0.003839055369625635,0.0035107792734892502,0.004542760437127457,0.003672832407812207,0.003763312430932073,0.003851170381546293,0.003410761107574822,0.0031611876555686256,0.003335325342481821,0.17288810134426513,0.1559568187103829,0.002987963367614277,0.0033484101256112454,0.0032047063226856433,0.004105436124864646,0.00341019012600956,0.002938281256649471,0.003977120516670855,0.003115032388354025,0.0035271482537290668,0.0033057547935266248,0.003448084503004028,0.00362446541936107,0.003440741011507948,0.0037268508088717273,0.003597917000424942,0.003151353602666267,0.0033738823461245014,0.0033759140794233345,0.003612896831763602,0.003319516630061642,0.0035200374308061305,0.0033104388765398344,0.0035040044071150394,0.0036812055477860053,0.0033678258312369053,0.0038475457494032447,0.003682145266154272,0.003638152980337188,0.003535019327091142,0.003226010829911511,0.004082627268073854,0.0034463681463044304,0.003223468163839052,0.0037086146785951144,0.003318126738286056,0.0032246528946644785,0.003314078529761848,0.0035874489490373153,0.0036686563585409926,0.0034866751956534494,0.00347214987508226,0.003107352519336196,0.0033940145701968306,0.471311413160284,0.004394823149125623,0.0029662688987238854,0.0035664138447129325,0.0030332175052390797,0.17721310177524002,0.16497438648600563,0.0032995969377230647,0.003018550986536359,0.00315903223564287,0.003432535898820109,0.0036562346405892765,0.0033544064761928615,0.0037990796326634628,0.0035209884189890983,0.0032971047070572564,0.003562071439562628,0.003237042739161591,0.003474364476005912,0.0029718225974294946,0.0034850480645268003,0.0033179936820541683,0.0029469397724970433,0.0033241870379646845,0.0037030424778831997,0.1666469987334966,0.0035200374308061305,0.003068386355356421,0.003309025534995366,0.003430083434150063,0.0034803598628831483,0.0033336792119530913,0.14970232992461113
68,0.003226167479684313,0.0036969202327438726,0.0025435286307051008,0.0035425449617904705,0.18360986356222145,0.002727520865848953,0.00289230613151491,0.0034447112018816087,0.0032919512834593367,0.003478228568744546,1.0000000000000002,0.0031529017849817745,0.0035652891501351744,0.0036604544761445175,0.0033474504712997385,0.004331421710585268,0.0035019645545294265,0.003588235257539128,0.0036720058723458807,0.0032520853598679293,0.0030141225873716302,0.003180159024504085,0.003231994572180408,0.0029154787845277084,0.0028489570559661077,0.0031926350761272092,0.12646987854144454,0.003914442640938421,0.003251540941560526,0.0028015862608209556,0.003792096543487378,0.0029701145598214035,0.003363057932307679,0.14438889385113074,0.003287672392799176,0.003455847699645185,0.0032806705359022864,0.003553469906475359,0.0034305343687413936,0.003004746035199477,0.0032169222756119565,0.003218859488423964,0.0034448173069634683,0.0031650857664838,0.003356277919754781,0.0031564303290615788,0.0033409907858935393,0.19252914668026017,0.0032111475224772287,0.0036685498656788833,0.003510844159203437,0.003468898486627561,0.0033705628268575795,0.0030759300519262373,0.003892694899919584,0.0032860358846067157,0.0030735056760029535,0.0035360821591595157,0.0031637605353835785,0.0030746352906699547,0.04570197413107999,0.0034205533130208855,0.05059169132178383,0.003324467765630662,0.0033106181933835626,0.0029627919743893372,0.003236117906470359,0.0033890403419855955,0.004190366774952026,0.20571545542461206,0.003400496805790081,0.0028921058763617153,0.0033128467407732842,0.003084054469485038,0.0031460927799379255,0.0028781216748157853,0.003012067442093542,0.0032728471422354224,0.0034861389501878288,0.003198352463925434,0.003622338494161525,0.003357184665976429,0.0031437164930605806,0.0033963564184188995,0.0030864487336609097,0.0033127297664356198,0.0028335671882036458,0.003322916332050688,0.003163633669206173,0.002809841964383289,0.0031695388972329355,0.003530769188891027,0.0031153225189529924,0.003356277919754781,0.0029256385979398968,0.003155082739124819,0.00327050877135646,0.0033184462353630104,0.0031785894754139932,0.0034149699026943814
69,0.0030671046855438944,0.003514647469275304,0.002418122626979685,0.21952529027607268,0.0031823058288862655,0.002593043318502068,0.12758873632730383,0.003274873339393545,0.003129645088068508,0.0033067381677385596,0.0031529017849817745,1.0,0.04576181231074395,0.0034799796184485613,0.00318240794682928,0.004117865519152336,0.0033293038757110215,0.0034113210924526997,0.0034909614852105565,0.029220258038923454,0.09482269906547752,0.0030233646288523176,0.003072644479373699,0.0027717341697039715,0.0027084922249981966,0.003035225561873103,0.00290496270887252,0.0037214451639348434,0.003091227135571386,0.06925534635449977,0.0036051312121288376,0.16788212245689496,0.12310380644020048,0.0029965598819125896,0.029540010496199958,0.14095995817808893,0.029477098228335302,0.04561010792233693,0.0032613954800994015,0.002856600192477158,0.0030583153065337544,0.003060157007105724,0.00327497421307595,0.003009034541963911,0.003190800167223401,0.0780271086919703,0.0031762667494174106,0.003336893856486442,0.0030528252715281584,0.03296222633840961,0.0033377456808165954,0.044524602293212485,0.003204380772007081,0.002924274556134139,0.04996418688407259,0.0031240213417342015,0.002921969711515672,0.003361739347731439,0.1261825175642351,0.0029230436317197023,0.0030041050797956674,0.003251906529832616,0.003325518422012061,0.00316055837928885,0.0031473916456337164,0.0028167146325058685,0.0030765645170036143,0.003221947272687291,0.003983765148751807,0.0026888268900908258,0.043646641278436024,0.025985812373205405,0.003149510316838486,0.002931998407830874,0.0029909779846419016,0.11479017919427253,0.13661783136462907,0.0031114828564329415,0.0033142585361453187,0.003040661059879773,0.0034437429048649313,0.003191662207276352,0.02824655473747473,0.003228902637667469,0.0029342746253299625,0.0031493991097975007,0.002693861138477925,0.0031590834375096605,0.0030076540388151688,0.0026713056618626455,0.0030132681157854875,0.003356688327873588,0.0029617248190091203,0.003190800167223401,0.002781393064202475,0.07219600257791815,0.029385793926847995,0.003154833734237296,0.0030218724647291823,0.11185541014686158
70,0.003468270121760743,0.040949888145657067,0.00273440371873711,0.003808389652224193,0.0035985391293137632,0.022308128349737964,0.04420242740146954,0.03815622992396781,0.0035389905671701707,0.0037392467370639336,0.0035652891501351744,0.04576181231074395,1.0,0.0039351474998190975,0.26101719332370477,0.004656466410429095,0.003764763952405864,0.0038575087040395024,0.003947565752300437,0.0034961329683197836,0.024652216004221857,0.003418809034741923,0.0034745344992080413,0.003134266284276793,0.003062752537680893,0.003432221331950455,0.0032849206013406945,0.004208195805210154,0.003495547695000529,0.0030118268760465946,0.004076668438148292,0.003193002115018258,0.5013436316011433,0.03491354198644157,0.003534390573919862,0.003715186330998484,0.0035268632737331077,0.40897450769347976,0.003687973401164955,0.0032302324547580966,0.03563306727389399,0.00346041371384083,0.0037033281799228835,0.025886929189329076,0.003608144494268429,0.0033932996568345935,0.0035917101615959386,0.003773346673325761,0.003452123015592358,0.003943850395072633,0.00377430991298536,0.44216235646247604,0.003623501389658625,0.02515773325599433,0.44801645214286573,0.00353263125655532,0.003304152054184793,0.003801441858779207,0.025876090252825612,0.11523152381920113,0.0033970304111212166,0.00367724333288516,0.003760483375996688,0.036824322564670775,0.03667091421429287,0.0624511251957318,0.0034789672626060744,0.00364336552072015,0.03427260301417035,0.0030405150529888574,0.122728930524869,0.0031091393931400985,0.003561454091069303,0.003315492465209616,0.0033821863426673733,0.023539877744608594,0.024635407170524194,0.0035184527858472736,0.0037477507405864513,0.026159014277876647,0.003894171164180714,0.0036091192858278766,0.048879967652232806,0.0036512306205520504,0.0033180664031583025,0.003561328338577255,0.0030462077616038564,0.003572279338917,0.003401043560261089,0.07179196639085979,0.02592335091337662,0.02887781839739119,0.0033491069760551765,0.003608144494268429,0.02392851404547421,0.0033918509391398424,0.0035159389356196674,0.05159674703436813,0.025997374713608676,0.00367124092435092
71,0.0035608457987751337,0.0040804338156867626,0.0028073909044538455,0.003910043859656649,0.0036945919696242157,0.0030104702491081234,0.0031923501188426246,0.003802060955748655,0.0036334539267706034,0.003839055369625635,0.0036604544761445175,0.0034799796184485613,0.0039351474998190975,1.0,0.20266380948345922,0.004780757632077482,0.003865253694974246,0.003960474005855172,0.0040529348727115395,0.003589452365342477,0.0033268036516460498,0.0035100644877092,0.003567277386088705,0.003217926672027387,0.0031445040679104383,0.003523834788317354,0.0033726022806596194,0.004320521708902648,0.003588851469804691,0.00309221908954541,0.004185483590191059,0.0032782302899091263,0.003711937084700574,0.003478944724833993,0.0036287311496901835,0.003814352738963325,0.19862076949803056,0.003922102143557905,0.003786413436813212,0.003316454388435302,0.0035506415095411816,0.32194706932843203,0.0038021780680304405,0.0034934275499701097,0.0037044537226722045,0.003483874208993375,0.003687580721897167,0.0038740655073927544,0.0035442676912046424,0.004049120344514163,0.003875054458015019,0.003828757397211709,0.0037202205270192223,0.0033950229402843917,0.004296517886185003,0.19894560238711123,0.0033923470628305897,0.0039029106144851983,0.0034919648411599366,0.0033935938622192004,0.0034877045452305767,0.0037753969596608264,0.0038608588606655466,0.13490687238404436,0.003654057317077637,0.003270148069213474,0.0035718284695881748,0.003740614874966043,0.004625069845219228,0.0031216730163599435,0.003753259817072711,0.0031921290894864527,0.003656517051006527,0.003403990174104063,0.00347246425628683,0.00317669418549042,0.00332453530833299,0.0036123679473709733,0.0038477863635081283,0.0035301452903137567,0.003998115066840444,0.0037054545335396634,0.0034698414565725675,0.0037486899114280675,0.0034066328160578673,0.2005617230221229,0.0031275176757560455,0.0036676312482766065,0.003491824814054194,0.0031013312288038298,0.003498342642574356,0.0038970464837546335,0.003438501929394199,0.0037044537226722045,0.0032291404509563935,0.003482386821870729,0.0036097869970102853,0.003662697429709942,0.0035083321156861667,0.0037692343337806856
72,0.003256359292273005,0.0037315175447325453,0.0025673320259769843,0.003575697566001787,0.003378668881303834,0.0027530461367259373,0.002919373531214931,0.003476948237213561,0.0033227587281525165,0.0035107792734892502,0.0033474504712997385,0.00318240794682928,0.26101719332370477,0.20266380948345922,1.0,0.004371956950417696,0.0035347373904681674,0.003621815450477642,0.0037063700254224264,0.0032825197227228826,0.0030423299959610236,0.003209920270897735,0.00326224091711613,0.0029427630435201716,0.0028756187770480456,0.0032225130785835322,0.0030842124024423718,0.00395107561779056,0.003281970209523286,0.002827804666365741,0.003827584554844557,0.002997910123046735,0.003394530822495973,0.00318146154655565,0.0033184397938598688,0.0034881889549395195,0.18163678657913446,0.0035867247508476544,0.0034626387313922264,0.0030328656941268667,0.0032470275677486094,0.17821457154224263,0.0034770553352707592,0.003194705951080716,0.003387687359775148,0.0031859695124872383,0.003372257162578396,0.0035427957083151934,0.0032411987720802914,0.0037028816760124525,0.003543700094163499,0.25396036864781185,0.003402105950960007,0.003104715880389418,0.003929124352396376,0.18193384313720212,0.0031022688161512894,0.003569174281784845,0.003193368317918523,0.0031034090022205936,0.0031894723181978457,0.00345256426881493,0.003530718356691401,0.003355579513042762,0.0033416003307576376,0.002990519009824831,0.003266402839277575,0.0034207563863339068,0.004229581964226582,0.0028547399996254478,0.0034323200644756184,0.0029191714019910025,0.003343849733817611,0.003112916329615474,0.0031755352202937556,0.002905056330490262,0.0030402556177815225,0.0033034758024559634,0.0035187636835610978,0.0032282839720667498,0.0036562378393248563,0.0033886025917038032,0.003173136695138792,0.0034281409296431403,0.003115333000307977,0.18341176994017253,0.002860084884523641,0.0033540135605042453,0.0031932402644748404,0.0028361376302241726,0.003199200756073318,0.0035638115905382464,0.0031444769984516094,0.003387687359775148,0.002953017936677726,0.0031846093112452463,0.0033011155481330124,0.003349501630798816,0.003208336033316647,0.00344692860662015
73,0.00421355460131449,0.0048283839433205245,0.1703856574333231,0.004626761232363644,0.004371816661913462,0.0035622943219313927,0.003777513066385281,0.004498984887265708,0.004299471916777401,0.004542760437127457,0.004331421710585268,0.004117865519152336,0.004656466410429095,0.004780757632077482,0.004371956950417696,1.0000000000000002,0.27987371724840593,0.004686435306043791,0.0047958443995569635,0.004247404797868663,0.2798619298008807,0.004153464993677943,0.004221165109000101,0.0038077778431960295,0.003720896756819338,0.21386793913926716,0.00399080574142393,0.0051124803362414635,0.09087434816211248,0.0036590278572322297,0.004952689511644175,0.0038791352119113263,0.004392341164677794,0.004116640927861965,0.004293883447008496,0.004513529774253049,0.004284738631517231,0.004641029819235217,0.004480469152764576,0.2401364802996097,0.004201479849335718,0.004204009957276227,0.004499123466418436,0.0041337784783038595,0.004383486090268566,0.19675764745856944,0.004363520241121687,0.0045841879898544085,0.0041939376997741995,0.004791330662162485,0.004585358216727571,0.11038303980387854,0.004402142975390425,0.19173962282387977,0.00508407657393986,0.004291746076066704,0.0040141697741481385,0.004618320451798305,0.2937558454224699,0.004015645113884166,0.44538325768563514,0.0044674333375063924,0.0045685605433908455,0.0043419402554282375,0.004323851941899731,0.0038695715070711113,0.00422655041347657,0.004426275640349322,0.13334072020137527,0.003693880736539401,0.004441238420825588,0.0037772515219901145,0.004326762549041901,0.004027947086576786,0.0041089725789334695,0.355059292009921,0.003933928015214108,0.004274520843200135,0.004553091836330501,0.004177226639925478,0.0047309760344761784,0.004384670351389078,0.004105869015783344,0.004435830844074249,0.0040310741290811,0.004326609774035085,0.003700796731469604,0.0043399139966736324,0.0041318819582985495,0.003669810266375962,0.1975747765461971,0.004611381416406495,0.004068784902511476,0.004383486090268566,0.3609212141206381,0.004120713966860817,0.0042714668004578795,0.004334075801172224,0.004151415075057105,0.004460141092320606
74,0.0034066687218003303,0.0039037596786859045,0.1377572013995991,0.003740747246663043,0.0035346239668853207,0.002880123267083022,0.0030541281238961916,0.0036374397736578736,0.0034761330717240834,0.003672832407812207,0.0035019645545294265,0.0033293038757110215,0.003764763952405864,0.003865253694974246,0.0035347373904681674,0.27987371724840593,1.0000000000000002,0.0037889938744022785,0.0038774513816659975,0.0034340366846580843,0.0031827601036619373,0.003358086133888257,0.0034128218350129853,0.003078597266529654,0.003008353705574452,0.17291272756601894,0.003226575749095259,0.00413345227491763,0.0034334618066236716,0.002958332555970776,0.004004261020574694,0.0031362898655519947,0.0035512180752364834,0.003328313790796827,0.003471614780882779,0.003649199348707984,0.003464221176231017,0.0037522834324251815,0.0036224697591322546,0.5505568032510668,0.0033969062566653707,0.003398951854835861,0.003637551815226041,0.0033421695402964216,0.003544058726925269,0.15907901683842354,0.00352791629132668,0.003706326680807177,0.003390808411155466,0.0038738020144558536,0.003707272811963273,0.08924494511114257,0.00355914286205693,0.0032480256416719377,0.004110487766854975,0.003469886711491672,0.00324546562404119,0.0037339228558908076,0.0033407701636779695,0.0032466584396584797,0.36009340253899896,0.003611930272094549,0.003693691853895851,0.003510468822565782,0.0034958443788933404,0.003128557587884695,0.003417175866241543,0.003578654177957171,0.004424814122327353,0.0029865111901727355,0.003590751620867667,0.003053916664642739,0.003498197611555755,0.003256604613270498,0.0033221139128044056,0.0030391500592802257,0.0031805899748072806,0.0034559600705472405,0.003681185368162231,0.003377297480295091,0.003825005157215484,0.13033585773100925,0.0033196046747595576,0.0035863795824529338,0.003259132834427965,0.0034980740926064497,0.0029921027882029356,0.0035088305876371465,0.0033406361994491613,0.0029670501589096694,0.0033468718198069237,0.0037283126295936638,0.00328962208269357,0.003544058726925269,0.0030893255125951733,0.003331606852326333,0.0034534908698676437,0.003504110392958715,0.0033564287699025938,0.0036060344748552373
75,0.0034905918172442154,0.003999928582344729,0.0027520022693100794,0.0038329003480797393,0.0036216992327111086,0.002951074944387831,0.0031293664012195413,0.0037270479011938993,0.0035617674175843334,0.003763312430932073,0.003588235257539128,0.0034113210924526997,0.0038575087040395024,0.003960474005855172,0.003621815450477642,0.004686435306043791,0.0037889938744022785,1.0,0.003972972181883581,0.0035186339883524864,0.003261167222688601,0.003440812399967383,0.0034968965120603644,0.0031544383398277092,0.003082464332635502,0.003454311018368761,0.0033060622641225097,0.0042352796429739326,0.19297327518212465,0.0030312109147794023,0.004102905769229423,0.003213552192834382,0.00363870213600322,0.003410306616851433,0.003557137818898186,0.00373909717272462,0.0035495620732049742,0.0038447207271397406,0.00371170910118885,0.0032510221460637246,0.00348058885432089,0.003482684845689111,0.0037271627028998985,0.003424503701973203,0.0036313664175425422,0.0034151388443733025,0.19828196719483804,0.0037976318334887733,0.0034743407887242897,0.003969232912714163,0.20836246820572552,0.003753217633158291,0.0036468221495084482,0.003328040573615824,0.00421174940552596,0.0035553671786132572,0.0033254174900924087,0.003825907838818477,0.003423069851789194,0.003326639690656423,0.0034188936096966054,0.0037009099744712026,0.003784685748315671,0.1973013548041794,0.3426152877480664,0.0032056294309346363,0.003501357804607295,0.003666814125596177,0.0045338191733712615,0.0030600837280755824,0.003679209588343327,0.0031291497326790814,0.0035843755161337545,0.003336830887704973,0.003403954005207756,0.0031140193528106145,0.0032589436328297004,0.0035410974556398292,0.0037718711659980855,0.0034604970168298356,0.00391923394759599,0.0036323474828348842,0.003401382952222529,0.0036747298450041863,0.0033394213914507485,0.0035842489543019686,0.0030658130748138293,0.0035952704349925054,0.003422932587359022,0.003040143275384282,0.003429321821879232,0.0038201594049069604,0.003370661740660168,0.0036313664175425422,0.003165430875641375,0.0034136808027694877,0.003538567426338131,0.003590433958579376,0.0034391142069116485,0.0036948689345931616
76,0.09975473402777253,0.0040933105521646015,0.0028162502646346082,0.10953728616699514,0.0037062510944464583,0.003019970472325349,0.003202424305334096,0.10651221671226227,0.0036449201166005984,0.003851170381546293,0.0036720058723458807,0.0034909614852105565,0.003947565752300437,0.0040529348727115395,0.0037063700254224264,0.0047958443995569635,0.0038774513816659975,0.003972972181883581,1.0,0.0036007796982428617,0.0033373021368245303,0.0035211412941151005,0.0035785347408011934,0.0032280815711465466,0.0031544272653117322,0.0035349550500371157,0.003383245293822989,0.004334156097304793,0.003600176906442609,0.0031019772898119463,0.004198691835112472,0.0032885754908028512,0.0037236509459763665,0.0034899233257539336,0.00364018243572351,0.0038263897961174765,0.003632429827358597,0.0039344792284520674,0.00379836232514821,0.0033269202141611057,0.003561846365963523,0.003563991290156084,0.0038141767052428926,0.0035044518547370325,0.1037778147962688,0.003494868366021161,0.0036992177211333955,0.0038862910017617115,0.003555452433594314,0.0040618982642154754,0.003887283073242475,0.0038408399115394593,0.00373196052858026,0.003405736706935917,0.004310076525067964,0.003638370458231117,0.0034030523851425235,0.003915227136146714,0.0035029845300167026,0.0034043031190900295,0.003498710789755079,0.0037873110829978822,0.0038730426784585946,0.0036809230734435082,0.00366558852558935,0.0032804677648225274,0.003583100186279207,0.0037524192355281112,0.0046396653044960155,0.003131524165188069,0.0037651040816240704,0.0032022025784695456,0.003668056021767804,0.003414732238900356,0.0034834224066151165,0.0031867189661252604,0.003335026635238502,0.003623767595599665,0.0038599289280647296,0.003541285466257084,0.004010732027793434,0.003717147937651641,0.003480791330060136,0.003760519754603325,0.003417383220311576,0.0036679265052349743,0.0031373872687355153,0.003679205292413871,0.0035028440610235965,0.0031111181844971857,0.0035093824580332998,0.003909344499818583,0.003449352903879591,0.1037778147962688,0.003239330737704102,0.003493376285110333,0.003621178500463407,0.003674255904061154,0.003519403455198342,0.0037811290095508764
77,0.0031635892664183597,0.003625210792918231,0.0024941916145388176,0.003473829950707151,0.003282414392366879,0.05723367471568772,0.002836203851931435,0.0033778938795979998,0.0032280970568035012,0.003410761107574822,0.0032520853598679293,0.029220258038923454,0.0034961329683197836,0.003589452365342477,0.0032825197227228826,0.004247404797868663,0.0034340366846580843,0.0035186339883524864,0.0036007796982428617,1.0,0.057951835826587944,0.0031184732407038788,0.0031693033303630113,0.0028589270232507675,0.20263200290986952,0.0031307072934152586,0.002996346648502155,0.003838513902599655,0.003188470557346045,0.002747243681393004,0.003718540961603372,0.027526234485495283,0.0032978244446357063,0.00309082527351604,0.030469276310042804,0.06066694659322448,0.030404384956226042,0.0034845429834182455,0.0033639920355565435,0.002946462750346844,0.0031545233922647908,0.0031564230288141726,0.0033779979265516056,0.003103692359803178,0.0032911759444962684,0.0030952048125516716,0.003276185336320385,0.0034418654300630313,0.0031488606524509768,0.0339991477737752,0.003442744050972336,0.0034016120017624405,0.0033051837661815272,0.05914019361061877,0.0038171880041491593,0.003222296399387363,0.003013888655225765,0.003467492507544941,0.08704739116788043,0.003014996358672104,0.0030986078272542323,0.003354204583124591,0.003430132148648277,0.0032599828143243586,0.0032464018832718588,0.0029053224756098958,0.29215922489963086,0.0033233028715587824,0.004109085915431624,0.002773411657202679,0.003334537113473132,0.026803270684077046,0.0032485872033602373,0.0030242328329672286,0.2840316869206781,0.07918835210644976,0.0029536421433606916,0.003209363480043863,0.0034185180507542547,0.0031363137806123165,0.0035520757219289776,0.0032920651024932524,0.39287598546181457,0.0033304770375072166,0.003026580655420792,0.0032484724979825992,0.002778604272321744,0.29999545382359993,0.0031022684289656677,0.00275533924845237,0.060939989165669756,0.0034622825933603757,0.0030548943737277656,0.0032911759444962684,0.15885911768401628,0.029240470543840155,0.32236719670192715,0.00325407808413223,0.0031169341362755443,0.0316490358904294
78,0.0029321019622514668,0.0033599455505565227,0.002311685718765903,0.10654111600870027,0.0030422323728761303,0.018859461521762214,0.03736906860482065,0.0031307254003487147,0.0029918895651418124,0.0031611876555686256,0.0030141225873716302,0.09482269906547752,0.024652216004221857,0.0033268036516460498,0.0030423299959610236,0.2798619298008807,0.0031827601036619373,0.003261167222688601,0.0033373021368245303,0.057951835826587944,1.0000000000000002,0.0028902871827759433,0.0029373979146313763,0.002649732575524164,0.0025892743097719736,0.0029016260409337018,0.0027770968819872555,0.0035576407675336993,0.0029551626303118976,0.0025462213677678266,0.0034464465302013227,0.0026993882939444144,0.043451258919320265,0.0028646622826967033,0.0029880006958317345,0.003140846805127237,0.002981637058954215,0.15632952770582584,0.0031178407870945373,0.0027308631065668665,0.002923699459538054,0.0029254600951910867,0.003130821833940797,0.021885006994254153,0.0030503528215271767,0.0028687213605095036,0.0030364591115837197,0.003190016001261375,0.002918451075781018,0.003334161145541942,0.0031908303314020147,0.02398572210778996,0.003063335657790468,0.24322365489098632,0.026916065281188204,0.0029865133555393997,0.0027933552986161487,0.0032137678849110973,0.35093948933071323,0.0027943819487831222,0.002871875368582823,0.0031087695056909114,0.003179141271780832,0.0030214421664188505,0.0030088549841917095,0.0026927331629726598,0.05766729740417019,0.0030801289454004737,0.16244415464115247,0.0025704745709361895,0.023512758221819183,0.0026284901104852015,0.003010880399243941,0.0028029425684224984,0.05606305865402641,0.4109278023978716,0.06475177363226013,0.002974526768472853,0.0031683770048811033,0.02211502979929008,0.0032921619455755363,0.003051176917731884,0.05602071345955761,0.003086778160669413,0.002805118595157759,0.003010774087129905,0.002575287230133591,0.05921403666609468,0.002875268115414738,0.002553724563050563,0.2506256065287884,0.024413527498125285,0.00283136053177316,0.0030503528215271767,0.41771209681007687,0.0028674966035423704,0.0582801391765321,0.003015969499291456,0.021978378481218298,0.0031036950238242725
79,0.0030936201981589992,0.0035450320465440417,0.0024390276066247408,0.003396999292719233,0.003209817270132032,0.002615460509916277,0.002773475563205787,0.003303185038616867,0.003156701270469001,0.003335325342481821,0.003180159024504085,0.0030233646288523176,0.003418809034741923,0.0035100644877092,0.003209920270897735,0.004153464993677943,0.003358086133888257,0.003440812399967383,0.0035211412941151005,0.0031184732407038788,0.0028902871827759433,1.0000000000000002,0.0030992078842155906,0.002795696166400367,0.0027319074869872465,0.0030614654753833466,0.0029300764833441136,0.003753617533745311,0.0031179511898548028,0.0026864829237596005,0.003636298032937029,0.0028480872276378916,0.0032248864984479766,0.0030224655256701257,0.0031525981782844375,0.0033138639927118114,0.0031458839930918704,0.0034074753854062274,0.003289590661503875,0.002881295866803809,0.0030847548338422213,0.0030866124561513843,0.7040497883192889,0.0030350480307544253,0.00321838504311142,0.0030267482024901146,0.0032037259820481287,0.0033657417310190463,0.003079217336781243,0.10393955029712205,0.0033666009194795723,0.003326378587339893,0.0032320830539618573,0.002949555283997347,0.003732763299951227,0.0031510289061277594,0.0029472305137021185,0.003390802014716234,0.0030337772468522596,0.039805259619742774,0.0030300759527547355,0.003280019678047388,0.003354267954457507,0.003187881811049037,0.0031746012492960304,0.002841065491060967,0.0585969134171725,0.0032498014192890697,0.004018205308409615,0.0027120721427423156,0.0032607871936012273,0.002773283535547394,0.0031767382366845683,0.0029573459093807015,0.0030168353721830147,0.002759873875748254,0.0028883164732630365,0.0031383820240160655,0.003342910725436111,0.003066947963966062,0.0034735145030981135,0.0032192545356109757,0.0030145567151924316,0.0032568169142898314,0.0029596418050714395,0.0031766260682444787,0.0027171499128511366,0.06016858663040993,0.003033655592979249,0.03637715641335587,0.0030393182043636133,0.00338570732814515,0.00298732930918875,0.00321838504311142,0.002805438563278209,0.08939169237492678,0.003136139725242831,0.042961717877114544,0.0030479969390053365,0.003274665662464052
80,0.0031440451913868498,0.0036028149046485607,0.0024787829555909077,0.0034523692655531045,0.0032621362374717733,0.0026580916572622646,0.0028186823040253248,0.0033570258699192074,0.0032081544644585124,0.17288810134426513,0.003231994572180408,0.003072644479373699,0.0034745344992080413,0.003567277386088705,0.00326224091711613,0.004221165109000101,0.0034128218350129853,0.0034968965120603644,0.0035785347408011934,0.0031693033303630113,0.0029373979146313763,0.0030992078842155906,1.0000000000000002,0.14491617833741646,0.0027764366818161476,0.0031113663571901602,0.0029778357677312647,0.0038148002667878753,0.0031687727702565467,0.002730271713126158,0.0036955684966463146,0.002894510114083821,0.0032774510892602544,0.003071730721104919,0.003203984493218872,0.0033678788874587336,0.003197160869012729,0.003463016115110354,0.003343209908923919,0.002928260043161811,0.0031350353245432577,0.003136923225485983,0.0033571292740897916,0.0030845183168897654,0.0032708436623369104,0.0030760832041505635,0.0032559456633925944,0.0034206022158627665,0.0031294075680988022,0.003575166706992906,0.0034214754088130257,0.0033805974658692286,0.0032847649462655294,0.002997632066437947,0.0037936061158318646,0.003202389642441418,0.002995269403150404,0.0034460709739539577,0.0030832268196273435,0.0029963702634077435,0.003079465195651603,0.0033334829215803797,0.003408941420511475,0.0032398432376097366,0.003226346207061738,0.0028873739255067606,0.0031537423294573062,0.16845493000952952,0.004083700735283685,0.0027562780279743186,0.0033139369539540503,0.002818487146379165,0.16466766681281175,0.1532953660558364,0.003066008797965015,0.0028048589135292795,0.002935395083200627,0.003189536620304774,0.0033973990723869547,0.003116938208536223,0.0035301316487321493,0.003271727327278651,0.0030636929996138386,0.0033099019603937915,0.003007882994492947,0.003228404029894058,0.0027614385640682797,0.0032383312958653636,0.003083103182836156,0.00273831726725505,0.003088858092926379,0.0034408932456649545,0.15484956917918216,0.0032708436623369104,0.0028511662905016865,0.0030747699171971396,0.0031872577727979482,0.0032339749857591992,0.003097678288092505,0.0033280416373013925
81,0.002836142465084888,0.003249983929272755,0.002236030710162586,0.0031142717369371073,0.0029426686153658298,0.0023977793467796858,0.002542643025593176,0.0030282655135331093,0.002893973386937529,0.1559568187103829,0.0029154787845277084,0.0027717341697039715,0.003134266284276793,0.003217926672027387,0.0029427630435201716,0.0038077778431960295,0.003078597266529654,0.0031544383398277092,0.0032280815711465466,0.0028589270232507675,0.002649732575524164,0.002795696166400367,0.14491617833741646,1.0,0.0025045346029026836,0.00280666393544142,0.0026862102676030327,0.003441209134682257,0.0028584484219722783,0.002462890663286396,0.0033336539737665967,0.002611044864323245,0.0029564836526378073,0.0027709098976368878,0.0028902117894441704,0.00303805567303924,0.002884056416604798,0.0031238759189098756,0.0030158025776370096,0.002641489594352545,0.0028280149527864402,0.0028297179677584275,0.0030283587911234134,0.002782445178214628,0.002950523304442566,0.0027748361331846882,0.002937084296769738,0.003085615698892856,0.002822938333951889,0.00322504337572439,0.003086403378285387,0.0030495286952541673,0.0029630812487833865,0.0027040678746016017,0.00342209056994202,0.002888773125640036,0.0027019365917247355,0.003108590249816387,0.0027812801599001553,0.002702929642502923,0.0027778869193944193,0.003007028173904541,0.0030750968688954172,0.0029225588142230015,0.002910383575268233,0.002604607537176135,0.002844889942744164,0.1519577968413955,0.0036837756345759125,0.0024863501269427376,0.0029893963825555893,0.002542466980131369,0.148541428015626,0.13828283975139444,0.0027657483340424805,0.0025301733877824066,0.0026479258854400912,0.0028771788260459094,0.003064684886347448,0.0028116901240773213,0.0031844186921158937,0.0029513204302832005,0.0027636593265236513,0.002985756544103539,0.002713314908468342,0.0029122398713343177,0.002491005281263923,0.002921194940002078,0.0027811686311108447,0.0024701482999713266,0.0027863599511765806,0.0031039195869667106,0.13968483660868014,0.002950523304442566,0.002571945789349003,0.0027736514590878743,0.0028751231507002538,0.0029172652521855615,0.0027943163667298676,0.003002119765637856
82,0.0027714309328913966,0.003175829882973403,0.0021850117733257894,0.003043214200778375,0.0028755265034365817,0.0023430698329586384,0.0024846281945214567,0.0029591703592233725,0.002827942341494151,0.002987963367614277,0.0028489570559661077,0.0027084922249981966,0.003062752537680893,0.0031445040679104383,0.0028756187770480456,0.003720896756819338,0.003008353705574452,0.003082464332635502,0.0031544272653117322,0.20263200290986952,0.0025892743097719736,0.0027319074869872465,0.0027764366818161476,0.0025045346029026836,1.0,0.0027426250072667764,0.002624919699745301,0.0033626919521200396,0.0027932279405052597,0.0024066955213256636,0.0032575908496107722,0.002551469326113726,0.002889026326561109,0.08960002536110571,0.0028242665714020205,0.002968737139181452,0.002818251644119442,0.003052599246604573,0.16164962796854082,0.0025812194065788145,0.0027634888639478682,0.0027651530216658417,0.002959261508522922,0.0027189588431862253,0.0028832019740955847,0.002711523411777067,0.002870069600799688,0.0030152120001739795,0.00275852807701781,0.0031514583916120533,0.003015981707288674,0.0029799483844033126,0.0028954733870546075,0.0026423698543241087,0.003344009610747603,0.0028228607332193853,0.3142849800217711,0.0030376623466860536,0.00271782040679459,0.00264125759297408,0.0027145045889835633,0.002938417586503553,0.003004933175611528,0.002855875542447265,0.002843978102784064,0.002545178877802235,0.0027799788216057845,0.0029113464492286035,0.0035997238746572433,0.0024296197164416096,0.0029211880951968434,0.2957357276643321,0.0028458925307268726,0.002649349114475968,0.002702642966607376,0.0024724430732251316,0.0025875088424702464,0.0028115309777730518,0.002994758760587809,0.0027475365146510384,0.0031117606309467964,0.002883980912121209,0.002700601623435092,0.16003913456999036,0.14543602713512727,0.002845792044220887,0.0024341686553055572,0.002854542787393182,0.002717711422728941,0.0024137875623835175,0.0027227842937817322,0.0030330982531477156,0.002676209852504096,0.0028832019740955847,0.09240245659742154,0.002710365768084014,0.0028095222062423306,0.0028507027622515064,0.0027305591698504692,0.002933621172124157
83,0.003105756750135544,0.0035589395280496905,0.16291595176926157,0.003410326028336264,0.003222409673736505,0.002625721198167566,0.0027843561588097834,0.003316143732425879,0.0031690852952003723,0.0033484101256112454,0.0031926350761272092,0.003035225561873103,0.003432221331950455,0.003523834788317354,0.0032225130785835322,0.21386793913926716,0.17291272756601894,0.003454311018368761,0.0035349550500371157,0.0031307072934152586,0.0029016260409337018,0.0030614654753833466,0.0031113663571901602,0.00280666393544142,0.0027426250072667764,1.0000000000000002,0.002941571438528502,0.003768343314991981,0.0031301831945134617,0.0026970222393671566,0.003650563559165882,0.002859260531553004,0.003237538019998735,0.0649310108690997,0.0031649661062138836,0.003326864581024068,0.003158225580665245,0.0034208432196828425,0.0033024960233413287,0.14836210489838553,0.0030968566061923314,0.0030987215161219083,0.0033162458773319586,0.0030469547988180943,0.0032310110588645823,0.07403307328403179,0.003216294488978253,0.0033789458403930563,0.0030912973850292995,0.0035316280324219017,0.0033798083995276603,0.04235067159439933,0.0032447628082511075,0.0029611266562793188,0.0037474072681516406,0.0031633906776605326,0.12367071211608416,0.0034041044378508726,0.0030456790295156884,0.002959880219590326,0.2270955129363803,0.003292887492050672,0.0033674270511678136,0.0032003881598626055,0.0031870554972640948,0.0028522112480680968,0.0031153357956600234,0.003262550684328819,0.004033969091438625,0.0027227118471714884,0.003273579556827697,0.00278416337780951,0.003189200868247532,0.00296894784499102,0.003028670690339059,0.0027707011107015486,0.002899647600149048,0.0031506941806859084,0.0033560252667092605,0.003078979878354319,0.00348714141480926,0.003231883962461893,0.0030263830939709084,0.0032695937017512946,0.002971252747688306,0.0031890882597605022,0.0027278095378319295,0.0031988946306693035,0.0030455568983835256,0.002704969814075319,0.0030512417247047555,0.0033989897643633563,0.0029990488723896885,0.0032310110588645823,0.0028164445526237957,0.003037325115939701,0.003148443085171683,0.0031945913720663522,0.00305995450680781,0.0032875124721797214
84,0.0029724669083259583,0.0034062004293798024,0.0023435096698359767,0.0032639649790312227,0.21069282423008057,0.002513033054408543,0.0026648598743911458,0.0031738247071211433,0.003033077580603952,0.0032047063226856433,0.12646987854144454,0.00290496270887252,0.0032849206013406945,0.0033726022806596194,0.0030842124024423718,0.00399080574142393,0.003226575749095259,0.0033060622641225097,0.003383245293822989,0.002996346648502155,0.0027770968819872555,0.0029300764833441136,0.0029778357677312647,0.0026862102676030327,0.002624919699745301,0.002941571438528502,1.0,0.003606617228646819,0.0029958450423663192,0.0025812740670009553,0.0747652637715797,0.0027365495742552506,0.003098592518062913,0.12019865830036988,0.0030291351749564574,0.003184085448786085,0.0030226839327150362,0.0032740308038080256,0.003160762717116126,0.002768457686650551,0.00296394873208779,0.0029657336056302633,0.0031739224682716784,0.0029161885618558155,0.003092345674686544,0.002908213773976187,0.003078260696206091,0.22092772617809286,0.0029586280961614708,0.003380061061907785,0.0032347570760780406,0.003196109943074435,0.003105507239893237,0.002834043907903615,0.003586579694663722,0.0030276273591105887,0.002831810180965791,0.0032580104007036786,0.002914967544777162,0.0028328509645698555,0.002911411201878502,0.003151566555408405,0.0032229070983621445,0.0030630370194235676,0.003050276555046498,0.0027298028250498014,0.0029816348497088826,0.003122531713238773,0.0038608431368579435,0.1078548059532157,0.003133087259334787,0.002664675366977987,0.0030523298530886166,0.002841529434459515,0.0028986891529276045,0.002651790860331511,0.0027752033499963136,0.0030154757580210688,0.003211994644578558,0.00294683922023522,0.003337483677600029,0.0030931811158578623,0.002896499733391242,0.0031292724653025523,0.002843735417588843,0.003052222077422902,0.002610740066190782,0.0030616075880608197,0.0029148506551499188,0.0025888805554422764,0.0029202915056346515,0.0032531152337889257,0.0028703386152961184,0.003092345674686544,0.00269557112978786,0.0029069721563235898,0.0030133212728305518,0.0030574890125172963,0.002928630361045544,0.003146422215402609
85,0.0038079224105562965,0.004363563111014284,0.0030021874982452167,0.004181350297327165,0.003950948834637198,0.003219357921040867,0.18536811068652215,0.004065874777469035,0.0038855686028956547,0.004105436124864646,0.003914442640938421,0.0037214451639348434,0.004208195805210154,0.004320521708902648,0.00395107561779056,0.0051124803362414635,0.00413345227491763,0.0042352796429739326,0.004334156097304793,0.003838513902599655,0.0035576407675336993,0.003753617533745311,0.0038148002667878753,0.003441209134682257,0.0033626919521200396,0.003768343314991981,0.003606617228646819,1.0000000000000002,0.0038378713126887057,0.0033067790729607877,0.0044759019802504615,0.0035056970431585205,0.0039694974762087215,0.0037203384620976532,0.0038805181262109357,0.004079019451350994,0.0038722536675425395,0.004194245270065451,0.004049141523239275,0.0035465733994026476,0.003797010075719688,0.0037992966141983356,0.004066000015827438,0.0037358262078525965,0.003961494865709851,0.003725609988657284,0.003943451097061767,0.004142875513070093,0.18537805639297333,0.004330076890220485,0.004143933084065936,0.00409442360644788,0.10119343785605442,0.0036305935918676,0.0045946406193123155,0.00387858651656563,0.003627732043151354,0.004173722097263657,0.0037342620059822727,0.0036290653542806906,0.003729706100654783,0.04833887866663867,0.004128752495988553,0.0039239485822217006,0.003907601601828262,0.003497054020951655,0.05156942461718639,0.004000165133953034,0.004945989831982226,0.003338276721085435,0.04805544233900833,0.0034136215338011434,0.003910232009456429,0.003640183035654908,0.003713408332907522,0.0033971156472357954,0.003555215030553006,0.05215472639226887,0.0041147729367206985,0.04519876100112472,0.1556673781446664,0.15032791804059362,0.003710603544838975,0.004008800473433442,0.00364300904275761,0.0039100939418562014,0.08507137231966998,0.003922117388170283,0.0037341122628077087,0.003316523476748838,0.003741082344269429,0.004167451071757573,0.0036770894600898405,0.003961494865709851,0.003453201004733321,0.003724019396119004,0.0038602594945219143,0.003916841226451603,0.050652675544856675,0.004030770412798796
86,0.0031630596628799664,0.0036246039112083545,0.0024937740721231467,0.003473248411044844,0.07022812340701703,0.002674167192111943,0.002835729054646107,0.0033773284002009294,0.0032275566542797895,0.00341019012600956,0.003251540941560526,0.003091227135571386,0.003495547695000529,0.003588851469804691,0.003281970209523286,0.09087434816211248,0.0034334618066236716,0.19297327518212465,0.003600176906442609,0.003188470557346045,0.0029551626303118976,0.0031179511898548028,0.0031687727702565467,0.0028584484219722783,0.0027932279405052597,0.0031301831945134617,0.0029958450423663192,0.0038378713126887057,1.0,0.0027467837765659336,0.003717918455871724,0.002912015454083882,0.003297272369335218,0.0030903078511000564,0.0032233614640008426,0.003388247054326464,0.0032164965720647373,0.003483959650330954,0.0033634288834103188,0.002945969495070348,0.0031539953064073055,0.003155894624946303,0.00337743242973646,0.003103172783360912,0.003290624982193993,0.0030946866569749724,0.1796766064746095,0.0034412892414503737,0.0031483335145696,0.003596788503530528,0.18881122541562678,0.0034010425518115578,0.0033046304588871226,0.0030157610645930254,0.0038165489843196357,0.0032217569679279814,0.0030133841124543393,0.0034669120288080705,0.0031018734754162686,0.0030144916304645753,0.0030980891019927624,0.003353643069455742,0.0034295579242562663,0.17878800773255968,0.1780431855220374,0.0029048361074585087,0.0031728154470398334,0.0033227465310190626,0.004108398030166784,0.0027729473717018186,0.0033339788922549275,0.002835532716730812,0.0032480433706649054,0.0030237265585193202,0.003084551323068108,0.002821822063422806,0.0029531476862113782,0.0032088262136316065,0.0034179457706308646,0.0031357887431514315,0.0035514810834621755,0.003291513991340674,0.003082221519294283,0.0033299194959697217,0.0030260739879335308,0.0032479286844896253,0.0027781391175464272,0.0032579159883116375,0.0031017490908978387,0.0027548779883795334,0.003107538805377692,0.0034617029867939275,0.00305438296635674,0.003290624982193993,0.00286840949689751,0.003093365427560223,0.0032065335841724493,0.0032535333322310086,0.0031164123430816445,0.0033481688775248253
87,0.0027253491968729443,0.0031230240372386833,0.0021486806728315904,0.002992613411206626,0.0028277139270260336,0.0023041106352987666,0.06353120920398932,0.002909967001597176,0.002780920966756091,0.002938281256649471,0.0028015862608209556,0.06925534635449977,0.0030118268760465946,0.00309221908954541,0.002827804666365741,0.0036590278572322297,0.002958332555970776,0.0030312109147794023,0.0031019772898119463,0.002747243681393004,0.0025462213677678266,0.0026864829237596005,0.002730271713126158,0.002462890663286396,0.0024066955213256636,0.0026970222393671566,0.0025812740670009553,0.0033067790729607877,0.0027467837765659336,1.0000000000000002,0.003203425530242241,0.1279715894168878,0.0028409892829707596,0.002662664925016719,0.002777306315223705,0.07590973195782946,0.0027713914006413957,0.003001842407968367,0.0028979909274918516,0.0025383003968037538,0.002717539184016455,0.002719175671091172,0.002910056635319371,0.11175656460803048,0.0028352617744386737,0.06933285290530258,0.0028223477585812883,0.002965076814850517,0.002712660882156128,0.003099057780811375,0.0029658337237245445,0.002930399541901428,0.002847329145505171,0.0025984340705941336,0.0032884073706568244,0.0027759238524978597,0.0025963860458040238,0.002987153870103836,0.0026726300753145238,0.002597340303276667,0.0026693693909867963,0.002889559293869876,0.0029549689005836984,0.0028083897107468486,0.002796690094766478,0.0025028591289047728,0.0027337549562827276,0.0028629382796655813,0.0035398697670326984,0.002389221417833648,0.0028726162844886958,0.0024431460787600503,0.002798572690718801,0.0026052972836816024,0.002657704996744496,0.0024313327328342404,0.002544485255625985,0.002764782481612525,0.0029449636597947406,0.002701852081073213,0.003060020091341034,0.0028360277607374315,0.0026556975958350595,0.0028691186355080246,0.0026073198711603694,0.002798473875043789,0.002393694719597134,0.0028070791159659483,0.0026725229033723106,0.0023736525115928653,0.002677511425685995,0.00298266566564904,0.0026317113970349528,0.0028352617744386737,0.0024714733049185024,0.0026652993879855602,0.0027628071107624057,0.0028033029405211143,0.002685157025653234,0.07501182705019113
88,0.0036889056081498514,0.0042271797311607615,0.002908353980189487,0.004050661987935794,0.0038274617343048954,0.0031187367307293316,0.0033071576030130894,0.003938795661135704,0.20647135933892902,0.003977120516670855,0.003792096543487378,0.0036051312121288376,0.004076668438148292,0.004185483590191059,0.003827584554844557,0.004952689511644175,0.004004261020574694,0.004102905769229423,0.004198691835112472,0.003718540961603372,0.0034464465302013227,0.003636298032937029,0.0036955684966463146,0.0033336539737665967,0.0032575908496107722,0.003650563559165882,0.0747652637715797,0.0044759019802504615,0.003717918455871724,0.003203425530242241,1.0,0.003396126309488686,0.0038454306371709483,0.003604059100312052,0.0037592323411378085,0.003951529497588368,0.0037512261885319534,0.004063153927666323,0.003922585405590675,0.003435725073206055,0.0036783343388757765,0.0036805494114817076,0.003938916985163049,0.0036190627758109608,0.0038376781486571905,0.0036091658650495434,0.003820198338886499,0.004013389734954795,0.0036717312969201054,0.1268329149244037,0.004014414251517099,0.003966452195059352,0.0038540119795122986,0.0035171192104191907,0.004451034900560963,0.2234591277271519,0.003514347099548945,0.004043272207640808,0.0036175474631471,0.003515638737973295,0.0036131339528649086,0.21453728546327172,0.21939366598378016,0.0038013053761078697,0.003785469321391392,0.003387753425366394,0.003700283252182802,0.0038751397757626907,0.004791402676291908,0.003233938717824119,0.003888239471870863,0.003306928624709163,0.0037880175154996454,0.0035264089356688362,0.0035973455726509293,0.003290938630441002,0.0034440966097493806,0.2052731465867162,0.003986165506012694,0.0036571010077161054,0.24632859428882853,0.00383871495199839,0.0035946284483715446,0.003883505217282518,0.003529146615780419,0.0037878837632090603,0.0032399935705311428,0.00379953141611668,0.40994132283234874,0.0032128653722101773,0.003624154631425325,0.00403719718334564,0.0035621618479911472,0.0038376781486571905,0.003345271037328853,0.0036076249865593527,0.003739606893979562,0.003794420161092263,0.003634503359077979,0.003904788485111426
89,0.002889291485837713,0.003310888296888186,0.0022779336977880077,0.0031726328718991526,0.002997813925318404,0.0024427134873708477,0.1321155153801019,0.003085014900633809,0.002948206153272087,0.003115032388354025,0.0029701145598214035,0.16788212245689496,0.003193002115018258,0.0032782302899091263,0.002997910123046735,0.0038791352119113263,0.0031362898655519947,0.003213552192834382,0.0032885754908028512,0.027526234485495283,0.0026993882939444144,0.0028480872276378916,0.002894510114083821,0.002611044864323245,0.002551469326113726,0.002859260531553004,0.0027365495742552506,0.0035056970431585205,0.002912015454083882,0.1279715894168878,0.003396126309488686,1.0,0.003011887854980912,0.002822836466723855,0.027827449522836226,0.21016896839817056,0.027768184548688835,0.003182417035263289,0.003072318410589165,0.002690990840145715,0.0028810116647871005,0.0028827465940861018,0.0030851099262366494,0.0028345879172840148,0.003005815810467935,0.1441802495045485,0.002992124957160943,0.0031434398226224056,0.002875839910632968,0.03105126485010533,0.003144242263046477,0.003106676552213302,0.003018609089405871,0.0027547418309890313,0.003486220198463502,0.002942908439607859,0.00275257060808826,0.0031668449142888133,0.026778637309957068,0.0027535822685368252,0.0028299442371580654,0.0030633795754249856,0.003132723870822832,0.0029773272685516316,0.002964923866859679,0.0026534176169766203,0.0028982028903368332,0.0030351571847775467,0.00375280921453924,0.0025329440749275447,0.0030454173661030827,0.02447930349308064,0.0029669197096172098,0.0027620178979098748,0.002817578175953724,0.02436093869995561,0.0026975477466722932,0.002931096864020961,0.003122116768783042,0.0028643809104517024,0.0032440943738690268,0.0030066278743655847,0.0266089809362872,0.0030417093174493915,0.002764162153328031,0.0029668149497248594,0.0025376864663662836,0.002975937835466806,0.0028332874478176045,0.002516438627369884,0.0028385760526923034,0.0031620867236933406,0.0027900209416685806,0.003005815810467935,0.0026201437913239,0.026705186884090733,0.02768217354875427,0.0029719345057010985,0.002846681570662188,0.18183642704051525
90,0.0032715420413884128,0.0386271184064111,0.002579302190982686,0.0035923692272604203,0.0033944218978983463,0.03931964009904388,0.08045734755644075,0.03599192276112875,0.0033382510641058244,0.0035271482537290668,0.003363057932307679,0.12310380644020048,0.5013436316011433,0.003711937084700574,0.003394530822495973,0.004392341164677794,0.0035512180752364834,0.00363870213600322,0.0037236509459763665,0.0032978244446357063,0.043451258919320265,0.0032248864984479766,0.0032774510892602544,0.0029564836526378073,0.002889026326561109,0.003237538019998735,0.003098592518062913,0.0039694974762087215,0.003297272369335218,0.0028409892829707596,0.0038454306371709483,0.003011887854980912,1.0000000000000002,0.03293316737522054,0.0033339119928166338,0.003504452608000056,0.003326811658023041,0.4996816338529478,0.0034787832567401418,0.0030470064061311956,0.033611879570378984,0.003264131266592347,0.003493267077918775,0.045627527466050685,0.0034034824249532906,0.0032008240698182464,0.0033879802845857114,0.0035593139649259206,0.0032563108353917424,0.0037201463321652117,0.0035602225674659996,0.2292903319663987,0.00341796824270405,0.04434226851420566,0.547382755131359,0.003332252467889169,0.0031167331196561092,0.003585815528283071,0.10298159552093825,0.003117878621833828,0.0032043432073324205,0.003468661822061779,0.0035471803027469274,0.03473556418229846,0.03459085749852189,0.05890875694137818,0.0032816324163504377,0.0034367056355834825,0.060407865449205816,0.0028680502020060265,0.2247690569372372,0.0029327820152689876,0.003359440406415885,0.0031274302770665295,0.003190341127820995,0.09368394316227519,0.043421632171566485,0.0033188782319226754,0.0035351698910489155,0.04610709650879078,0.0036732850189626965,0.003404401924143482,0.0031879314195617093,0.0034441246092667423,0.0031298582154667774,0.0033593217868879647,0.0028734200073872425,0.0033696516218630285,0.003208128721628749,0.029358517746805708,0.045691723307982574,0.05089917936769927,0.003159138097268299,0.0034034824249532906,0.042175683482833015,0.0031994575266488592,0.0033165069729328505,0.0033651186553214905,0.04582219544523484,0.00346299988363716
91,0.0030661925747265052,0.03620255590252332,0.002417403513668608,0.0033668819507596095,0.13167428613293136,0.0025922721864073887,0.002748886299342013,0.03373276727737477,0.0031287143786757473,0.0033057547935266248,0.14438889385113074,0.0029965598819125896,0.03491354198644157,0.003478944724833993,0.00318146154655565,0.004116640927861965,0.003328313790796827,0.003410306616851433,0.0034899233257539336,0.00309082527351604,0.0028646622826967033,0.0030224655256701257,0.003071730721104919,0.0027709098976368878,0.08960002536110571,0.0649310108690997,0.12019865830036988,0.0037203384620976532,0.0030903078511000564,0.002662664925016719,0.003604059100312052,0.002822836466723855,0.03293316737522054,1.0000000000000004,0.003124647663958403,0.0032844837172168783,0.0031179930058348754,0.03479780055779774,0.003260425590121011,0.002855750682530922,0.031502115594870865,0.003059246962423439,0.0032740002849865383,0.0030081397003340967,0.0031898512712296096,0.00299991345723849,0.003175322175443554,0.13807067581810345,0.0030519174071937964,0.0034866386909520263,0.003336753085436491,0.003296887359120681,0.003203427837345621,0.002923404920849684,0.0381197039302118,0.003123092304759043,0.09666210515201362,0.003360739616995556,0.003006880183032257,0.00292217436249366,0.0030032117041137838,0.0032509394617253615,0.0033245294628348795,0.032555268319125544,0.03241964464267702,0.05521114839269081,0.003075649592974584,0.003220989114012653,0.003982580436895299,0.12313632548488485,0.003231877489917234,0.09095706069923132,0.0031485736998253765,0.002931126475589058,0.0029900885127607415,0.002735405202628571,0.0028627090452310916,0.003110557548214787,0.0033132729254888938,0.003039756812999057,0.0034427187875041383,0.00319071305492481,0.002987830058038655,0.0032279424105718644,0.0029334020161752867,0.003148462525855693,0.002693060024679452,0.003158143973594402,0.003006759607726234,0.027515730496933736,0.0030123720151544733,0.003355690099235065,0.0029608440465795772,0.0031898512712296096,0.002780565919725396,0.0029986326898003802,0.0031083351293629507,0.003153895534119894,0.0030209738052941644,0.003245632914129
92,0.003198207901216292,0.2010275809914401,0.0025214851413996988,0.0035118434980693854,0.0033183333108911775,0.002703882807951435,0.0028672399622143804,0.0034148576143802852,0.003263421589696572,0.003448084503004028,0.003287672392799176,0.029540010496199958,0.003534390573919862,0.0036287311496901835,0.0033184397938598688,0.004293883447008496,0.003471614780882779,0.003557137818898186,0.00364018243572351,0.030469276310042804,0.0029880006958317345,0.0031525981782844375,0.003203984493218872,0.0028902117894441704,0.0028242665714020205,0.0031649661062138836,0.0030291351749564574,0.0038805181262109357,0.0032233614640008426,0.002777306315223705,0.0037592323411378085,0.027827449522836226,0.0033339119928166338,0.003124647663958403,1.0000000000000002,0.06133081496915757,0.030737095118770937,0.003522673761727917,0.0034008036447557145,0.002978705405543184,0.17492671266638982,0.0031909632446576824,0.0034149627999025185,0.003137655552645466,0.0033271907392383336,0.0031290751275663132,0.0033120360913132486,0.003479529194955583,0.0031833181144590565,0.034371194832069143,0.0034804174304683723,0.003438835280037941,0.003341351846202558,0.0030492725060329937,0.0038589588619761923,0.00325755745664445,0.00304686914096215,0.263788548090805,0.02964174776006679,0.0030479889658243378,0.003132515380896673,0.0033909090898484374,0.0034676675181803465,0.003295656267795264,0.003281926722857481,0.28093537305230437,0.0032080720926347486,0.0033596692259571406,0.0041540509638877095,0.0028037606428703813,0.0033710264023251485,0.0270965744479543,0.0032841359565426273,0.0030573265133320435,0.0031188271688057483,0.026965554362769453,0.0029859633614689285,0.0032444830145007633,0.18956591866634703,0.00317063394427429,0.07684209181085387,0.003328089627144412,0.02945395211624813,0.003366921897618559,0.0030597000276189157,0.003284019995962988,0.0028090100799190065,0.0032941182797134516,0.003136216039967998,0.0027854904707362202,0.0031420700903397173,0.003500169779898494,0.0030883235782686166,0.0033271907392383336,0.0029002835528397037,0.02956044418321937,0.030641888020099654,0.003289686923115954,0.0031510422316905645,0.03199536606256261
93,0.0033618068036867523,0.0038523516430528587,0.15762955049496408,0.0036914858977125345,0.003488077025015112,0.0028421953484280477,0.07836781121240471,0.0035895388655875775,0.0034303563878282767,0.00362446541936107,0.003455847699645185,0.14095995817808893,0.003715186330998484,0.003814352738963325,0.0034881889549395195,0.004513529774253049,0.003649199348707984,0.00373909717272462,0.0038263897961174765,0.06066694659322448,0.003140846805127237,0.0033138639927118114,0.0033678788874587336,0.00303805567303924,0.002968737139181452,0.003326864581024068,0.003184085448786085,0.004079019451350994,0.003388247054326464,0.07590973195782946,0.003951529497588368,0.21016896839817056,0.003504452608000056,0.0032844837172168783,0.06133081496915757,1.0000000000000002,0.061200196848348376,0.003702870165145282,0.0035747659889760475,0.00313107603002459,0.0033521728990157647,0.003354191559005553,0.0035896494316968535,0.003298157002394223,0.003497387540091168,0.14434387952078093,0.0034814576818469143,0.00365751861121341,0.0033461553551343047,0.06843600156447309,0.00365845228290781,0.003614743068076658,0.0035122730344713054,0.003205252870890022,0.004056357359509098,0.0034241922849927945,0.0032027265657540013,0.0036847513763361814,0.05901926616147049,0.003203903673358297,0.0032927538938750302,0.003564365294889185,0.0036450501704747835,0.0034642399762296505,0.0034498081196996833,0.0030873580742885732,0.0033721755810920064,0.1067798962892213,0.00436654439755096,0.002947182264644571,0.003543465542197701,0.053951607454212805,0.0034521303629881307,0.09717058021474607,0.003278365484503621,0.05369073520934334,0.0031387052543795004,0.0034104490419295972,0.003632708380807817,0.0033328223477303606,0.00377463422826401,0.0034983324090839744,0.0586453489020628,0.10701040693647271,0.0032162137946623046,0.0034520084706416566,0.002952700227744744,0.003462623314975246,0.0032966438538865024,0.002927977512832848,0.0033027973582791617,0.0036792150302819653,0.003246301534512876,0.003497387540091168,0.003048642640414109,0.05885738375559218,0.0610106313361382,0.0034579652798445836,0.0033122284543081115,0.3614944099501387
94,0.003191396579595602,0.003657075666440932,0.00251611505703047,0.0035043642170827483,0.0033112661544950806,0.002698124265668237,0.002861133513181186,0.003407584887209684,0.003256471380480069,0.003440741011507948,0.0032806705359022864,0.029477098228335302,0.0035268632737331077,0.19862076949803056,0.18163678657913446,0.004284738631517231,0.003464221176231017,0.0035495620732049742,0.003632429827358597,0.030404384956226042,0.002981637058954215,0.0031458839930918704,0.003197160869012729,0.002884056416604798,0.002818251644119442,0.003158225580665245,0.0030226839327150362,0.0038722536675425395,0.0032164965720647373,0.0027713914006413957,0.0037512261885319534,0.027768184548688835,0.003326811658023041,0.0031179930058348754,0.030737095118770937,0.061200196848348376,1.0000000000000002,0.003515171415196045,0.003393560848755981,0.002972361565130956,0.06009035259511839,0.1746592814262235,0.0034076898487150793,0.003130973191221781,0.003320104718904973,0.003122411040137522,0.0033049823462991458,0.003472118734733028,0.0031765385040746588,0.034297993442503574,0.1451636005824289,0.0034315114868961613,0.003334235666524646,0.0030427783766989315,0.0038507403187351677,0.17830435544336473,0.003040380130148514,0.0034979710690701566,0.029578618819225768,0.0030414975700852904,0.0031258439666546744,0.003383687366586264,0.0034602823201352276,0.003288637407394519,0.0032749371026903813,0.10775581482484907,0.0032012397629425527,0.00335251403519283,0.004145203953931598,0.0027977893876937683,0.003363847023833418,0.027038866040907404,0.0032771416313026776,0.0030508152311312063,0.0031121849067695614,0.026908124993223096,0.002979604063564991,0.0032375731393496743,0.003448566136657328,0.0031638813477568102,0.0035832977528915443,0.0033210016924218625,0.029391223129559094,0.0033597512606165984,0.003053183690471784,0.1797527983578443,0.002803027644855041,0.0032871026948131737,0.003129536744318686,0.002779558126106487,0.0031353783271394838,0.003492715360788078,0.00308174628066631,0.003320104718904973,0.0028941067298564084,0.029497488397103713,0.030576629049821114,0.0032826807758119594,0.0031443313602452596,0.03192722454851628
95,0.003456772504619201,0.04081413570442313,0.0027253389325570514,0.0037957645092538254,0.0035866096590807177,0.02223417496378328,0.04405589250968006,0.03802973870274549,0.00352725850560047,0.0037268508088717273,0.003553469906475359,0.04561010792233693,0.40897450769347976,0.003922102143557905,0.0035867247508476544,0.004641029819235217,0.0037522834324251815,0.0038447207271397406,0.0039344792284520674,0.0034845429834182455,0.15632952770582584,0.0034074753854062274,0.003463016115110354,0.0031238759189098756,0.003052599246604573,0.0034208432196828425,0.0032740308038080256,0.004194245270065451,0.003483959650330954,0.003001842407968367,0.004063153927666323,0.003182417035263289,0.4996816338529478,0.03479780055779774,0.003522673761727917,0.003702870165145282,0.003515171415196045,1.0,0.0036757474485412714,0.0032195239531884043,0.035514940556334265,0.0034489421413749334,0.00369105132487198,0.09498022395950646,0.0035961831814150347,0.003382050573305597,0.003579803329984896,0.0037608377008786593,0.003440678927512322,0.003930776187956653,0.0037617977473149997,0.12478260668575683,0.0036114891673611907,0.025074333181902178,0.5957089415436932,0.003520920276653473,0.0032931985027130958,0.0037888397483484644,0.02579030876280259,0.003294408861737013,0.00338576895981724,0.00366505295137118,0.003748017046499148,0.03670224673220064,0.03654934694384848,0.062244094283389104,0.003467434183512138,0.0036312874471003628,0.03415898635397177,0.003030435481108622,0.12232207344458784,0.003098832325602965,0.0035496475609638842,0.0033045013192889243,0.003370974100741534,0.023461841002266042,0.024553738652839975,0.0035067888088091397,0.003735326620882846,0.08735668600954248,0.003881261648036495,0.0035971547414556703,0.0033684279579289183,0.003639126473442174,0.003307066724409417,0.003549522225352286,0.0030361093178993812,0.0035604369221733305,0.0033897688050186295,0.031020758908072363,0.025837412750152895,0.02878208591746324,0.0033380043951070693,0.0035961831814150347,0.023849188939988712,0.0033806066582360212,0.0035042832922137055,0.0035556473049509585,0.025911191155048217,0.003659070441343351
96,0.0033371823018416404,0.0038241340072153844,0.0026310533424157984,0.003664446568385299,0.00346252762133011,0.0028213768871991687,0.002991832536401396,0.0035632462760426258,0.0034052297752255435,0.003597917000424942,0.0034305343687413936,0.0032613954800994015,0.003687973401164955,0.003786413436813212,0.0034626387313922264,0.004480469152764576,0.0036224697591322546,0.00371170910118885,0.00379836232514821,0.0033639920355565435,0.0031178407870945373,0.003289590661503875,0.003343209908923919,0.0030158025776370096,0.16164962796854082,0.0033024960233413287,0.003160762717116126,0.004049141523239275,0.0033634288834103188,0.0028979909274918516,0.003922585405590675,0.003072318410589165,0.0034787832567401418,0.003260425590121011,0.0034008036447557145,0.0035747659889760475,0.003393560848755981,0.0036757474485412714,1.0000000000000004,0.003108141580789145,0.003327618963421838,0.00332962283716734,0.0035633560322792584,0.0032739987214656877,0.0034717699389132536,0.0032650454440050396,0.003455956763407371,0.0036307280848537197,0.0033216454967372744,0.003794787394721697,0.0036316549176065313,0.0035882658632438746,0.0034865464002926164,0.003181775092468393,0.004026645426278989,0.0033991108230993407,0.1743905012694535,0.0036577613759096656,0.0032726278881777824,0.13293487871282003,0.003268635189538331,0.003538257096260877,0.003618350972724946,0.003438865173729689,0.003424539027402153,0.003064743849546846,0.0033474751302131583,0.003505659740457232,0.004334560411898858,0.002925594797145239,0.003517510429700978,0.16409788907855818,0.0034268442607648425,0.0031901790772772207,0.0032543521721283887,0.0029771599819987987,0.0031157149227390947,0.0033854682462950716,0.003606099583976346,0.0033084101507055005,0.0037469858555447396,0.003472707886946702,0.0032518941154524375,0.19270903025240696,0.17512488947330607,0.00342672326125323,0.002931072342368813,0.0034372603541664845,0.0032724966564408667,0.0029065307159532264,0.0032786050877555294,0.0036522655823831786,0.003222523083580259,0.0034717699389132536,0.003026311997784189,0.0032636514824964033,0.0033830494103352046,0.0034326364381275383,0.0032879671030623774,0.003532481556632862
97,0.0029229805658164605,0.0033494931871117235,0.11819805662802947,0.003209625706678377,0.003032768374734979,0.002471195476967457,0.002620494647611142,0.00312098611164956,0.002982582177075245,0.003151353602666267,0.003004746035199477,0.002856600192477158,0.0032302324547580966,0.003316454388435302,0.0030328656941268667,0.2401364802996097,0.5505568032510668,0.0032510221460637246,0.0033269202141611057,0.002946462750346844,0.0027308631065668665,0.002881295866803809,0.002928260043161811,0.002641489594352545,0.0025812194065788145,0.14836210489838553,0.002768457686650551,0.0035465733994026476,0.002945969495070348,0.0025383003968037538,0.003435725073206055,0.002690990840145715,0.0030470064061311956,0.002855750682530922,0.002978705405543184,0.00313107603002459,0.002972361565130956,0.0032195239531884043,0.003108141580789145,1.0000000000000002,0.002914604202220746,0.0029163593607600983,0.003121082245248997,0.002867639154765679,0.0030408635617026566,0.13649254231041574,0.003027013073324472,0.003180092267040627,0.002909372145518331,0.0033237889941030714,0.0031809040639037274,0.0765737033624357,0.003053806010012891,0.0027868620647279554,0.0035268694550944957,0.0029772226921774073,0.0027846655254123074,0.003203770261599984,0.0028664384654724056,0.002785688981801133,0.3089663549509962,0.0030990985189886986,0.0031692513674609507,0.003012042843966848,0.002999494818863358,0.0026843564124403208,0.0029319958771108507,0.0030705470558401384,0.0037965668936772922,0.0025624781513404644,0.0030809268706713166,0.002620313211921681,0.003001513933106861,0.002794222970441156,0.0028504310801973254,0.0026076432096342568,0.002729001098550975,0.0029652733938593232,0.003158520586827044,0.00289777953362794,0.003281920448308239,0.11183041566055987,0.0028482781106428856,0.003077175586245717,0.0027963922278338906,0.0030014079517162963,0.002567275838966955,0.003010637210120504,0.002866323521851732,0.0025457802505998764,0.00287167379175174,0.0031989565905989133,0.0028225525291207206,0.0030408635617026566,0.002650694614657025,0.0028585761861647766,0.002963154777055354,0.0030065872016111256,0.0028798738198963494,0.003094039823190008
98,0.0031293830437591616,0.2300641365760488,0.0024672232357333696,0.0034362692591106063,0.0032469233762742076,0.002645695737383799,0.0028055374751372445,0.03442795824600363,0.003193193345420154,0.0033738823461245014,0.0032169222756119565,0.0030583153065337544,0.03563306727389399,0.0035506415095411816,0.0032470275677486094,0.004201479849335718,0.0033969062566653707,0.00348058885432089,0.003561846365963523,0.0031545233922647908,0.002923699459538054,0.0030847548338422213,0.0031350353245432577,0.0028280149527864402,0.0027634888639478682,0.0030968566061923314,0.00296394873208779,0.003797010075719688,0.0031539953064073055,0.002717539184016455,0.0036783343388757765,0.0028810116647871005,0.033611879570378984,0.031502115594870865,0.17492671266638982,0.0033521728990157647,0.06009035259511839,0.035514940556334265,0.003327618963421838,0.002914604202220746,1.0,0.0031222942909036175,0.0033414734161025133,0.0030701337708131243,0.0032555901943601613,0.003061737994934785,0.0032407616717263247,0.0034046503539741486,0.003114813682528592,0.003558494038866147,0.003405519474818835,0.003364832164769183,0.003269446556855498,0.002983652711429943,0.0389053042837548,0.00318745540745412,0.002981301066342142,0.18814381541629094,0.0030688482964041823,0.0029823967927751793,0.0030651042146336883,0.0033179373375523623,0.003393043938344677,0.033226192478138294,0.03308777376402731,0.31390397250618374,0.0031390349595566223,0.003287369749900043,0.0040646565360425106,0.0027434242193013947,0.003298482521880098,0.002805343227602118,0.003213461942826095,0.002991533397943904,0.003051710570399232,0.002791778549551794,0.0029217059682434426,0.0031746623249482883,0.1854864942718355,0.003102402473399483,0.003513669000065177,0.003256469738360554,0.003049405571694764,0.003294466345374829,0.002993855834631223,0.003213348477697224,0.002748560689411109,0.003223229448201909,0.003068725236188958,0.028082795961187068,0.003074453308452054,0.0034248467572501997,0.0030218634116312326,0.0032555901943601613,0.002837869973649452,0.06548968983748069,0.003172394104769167,0.003218893453599499,0.0030832323709385403,0.0033125214285172175
99,0.003131267540929643,0.14997734472344165,0.0024687089839277167,0.00343833856146358,0.003248878655583195,0.0026472889607320874,0.0028072269542964417,0.0033433826489950493,0.003195116268801568,0.0033759140794233345,0.003218859488423964,0.003060157007105724,0.00346041371384083,0.32194706932843203,0.17821457154224263,0.004204009957276227,0.003398951854835861,0.003482684845689111,0.003563991290156084,0.0031564230288141726,0.0029254600951910867,0.0030866124561513843,0.003136923225485983,0.0028297179677584275,0.0027651530216658417,0.0030987215161219083,0.0029657336056302633,0.0037992966141983356,0.003155894624946303,0.002719175671091172,0.0036805494114817076,0.0028827465940861018,0.003264131266592347,0.003059246962423439,0.0031909632446576824,0.003354191559005553,0.1746592814262235,0.0034489421413749334,0.00332962283716734,0.0029163593607600983,0.0031222942909036175,1.0000000000000002,0.003343485632922836,0.0030719825883989533,0.003257550692779092,0.00306358175663079,0.003242713240490894,0.0034067006155972307,0.0031166894061102767,0.0035606369443058603,0.0034075702598216854,0.0033668584480988314,0.003271415399499329,0.0029854494505998576,0.0037781885979624604,0.1749449266743706,0.0029830963893643842,0.003432065866623905,0.0030706963398844283,0.0029841927756378227,0.0030669500034485883,0.0033199353810762834,0.0033950872106484242,0.06092923306098155,0.003213234078711705,0.0028756394075486694,0.0031409252690574436,0.003289349385791651,0.0040671042497400795,0.0027450762942012744,0.003300468849821563,0.0028070325897865235,0.0032153970718448266,0.0029933348828196753,0.003053548293635611,0.0027934597431620595,0.0029234654034270367,0.003176574089051609,0.003383591771547411,0.003104270723019636,0.0035157849121143065,0.0032584307664360198,0.003051241906873664,0.0032964502547970028,0.0029956587180655293,0.4387183818858706,0.002750215857464896,0.0032251704591583857,0.0030705732055630224,0.002727188527446293,0.0030763047272395717,0.0034269091810356935,0.0030236831610735895,0.003257550692779092,0.0028395789232605268,0.003062273806980305,0.003174304502962834,0.0032208318534439947,0.0030850890764289587,0.0033145162106106556
100,0.0033510765712264105,0.0038400556870200474,0.0026420076627371816,0.0036797033938033,0.003476943762604867,0.002833123614516126,0.0030042889512613036,0.0035780817567462996,0.0034194073584483463,0.003612896831763602,0.0034448173069634683,0.00327497421307595,0.0037033281799228835,0.0038021780680304405,0.0034770553352707592,0.004499123466418436,0.003637551815226041,0.0037271627028998985,0.0038141767052428926,0.0033779979265516056,0.003130821833940797,0.7040497883192889,0.0033571292740897916,0.0030283587911234134,0.002959261508522922,0.0033162458773319586,0.0031739224682716784,0.004066000015827438,0.00337743242973646,0.002910056635319371,0.003938916985163049,0.0030851099262366494,0.003493267077918775,0.0032740002849865383,0.0034149627999025185,0.0035896494316968535,0.0034076898487150793,0.00369105132487198,0.0035633560322792584,0.003121082245248997,0.0033414734161025133,0.003343485632922836,1.0,0.00328762992770106,0.0034862245603304257,0.003278639373508827,0.0034703455470906598,0.003645844524266085,0.0033354750790489467,0.112589577748352,0.0036467752158623095,0.0036032055123306423,0.003501062543112094,0.0031950223280875294,0.00404341025696828,0.00341326293022839,0.0031925040864253956,0.0036729903677073417,0.0032862533869853724,0.04311792152206816,0.0032822440648517717,0.003552988535181937,0.003633415880361529,0.003453182797035835,0.003438797004180684,0.0030775038287117304,0.003361412253513954,0.0035202554611580084,0.004352607238407031,0.0029377754329468204,0.003532155490429915,0.0030040809427321854,0.0034411118353209116,0.003203461302662656,0.0032679015804803115,0.0029895553080703237,0.003128687118605888,0.0033995635529199602,0.0036211134832830833,0.0033221846280074574,0.0037625863310803828,0.0034871664134854606,0.0032654332897510394,0.0035278547976721024,0.0605378270430438,0.0034409903320310638,0.0029432757837836395,0.00345157129584924,0.0032861216088686247,0.03940452569361267,0.0032922554724739233,0.003667471692591288,0.0032359399723720984,0.0034862245603304257,0.0030389119669606912,0.09683102216560445,0.003397134646201176,0.10817838021208868,0.003301656466281462,0.003547188949248933
101,0.0030789571152426073,0.0035282293702262844,0.0024274671493803154,0.003380898259267968,0.003194603438516108,0.12494000455914869,0.0392407089358013,0.003287528664205345,0.00314173919707075,0.003319516630061642,0.0031650857664838,0.003009034541963911,0.025886929189329076,0.0034934275499701097,0.003194705951080716,0.0041337784783038595,0.0033421695402964216,0.003424503701973203,0.0035044518547370325,0.003103692359803178,0.021885006994254153,0.0030350480307544253,0.0030845183168897654,0.002782445178214628,0.0027189588431862253,0.0030469547988180943,0.0029161885618558155,0.0037358262078525965,0.003103172783360912,0.11175656460803048,0.0036190627758109608,0.0028345879172840148,0.045627527466050685,0.0030081397003340967,0.003137655552645466,0.003298157002394223,0.003130973191221781,0.09498022395950646,0.0032739987214656877,0.002867639154765679,0.0030701337708131243,0.0030719825883989533,0.00328762992770106,1.0000000000000002,0.003203130602126033,0.0030124020782029237,0.003188541021805069,0.003349788851571704,0.0030646225202767205,0.003501153546020983,0.0033506439676669005,0.025187053758288808,0.003216763687401893,0.022333779980376868,0.028264163995242887,0.0031360937184954844,0.0029332612858628863,0.0033747303550068614,0.02297150146948485,0.002934339356092763,0.003015714055659336,0.003264473102376843,0.0033383694582008318,0.0031727719487101218,0.0031595543339143005,0.0028275994622022475,0.0030884535029985197,0.0032343980715538816,0.030425506435119747,0.0026992175141334345,0.02469040134281676,0.002760138778328458,0.0031616811924501474,0.002943328736779001,0.0030025362325427486,0.020897528603368572,0.1379742771758766,0.0031235067798381128,0.00332706605996026,0.14650746633251882,0.0034570508042896667,0.003203995973421368,0.0030002683758877757,0.003241380314643191,0.0029456137504264616,0.0031615695556639232,0.0027042712167228552,0.0031712913072090318,0.00301927672917234,0.0026816285773830157,0.023013457125176603,0.16173453485938466,0.0029731700218317337,0.003203130602126033,0.02124254051472001,0.0030111159789379775,0.003121275109070493,0.003167025181507556,0.14560217981184054,0.003259144463656019
102,0.0911775805506902,0.003741357803480996,0.0025741022504569572,0.10011900517938971,0.0033875786547723527,0.0027603061016080663,0.002927072112445263,0.09735403851822305,0.003331521062846574,0.0035200374308061305,0.003356277919754781,0.003190800167223401,0.003608144494268429,0.0037044537226722045,0.003387687359775148,0.004383486090268566,0.003544058726925269,0.0036313664175425422,0.1037778147962688,0.0032911759444962684,0.0030503528215271767,0.00321838504311142,0.0032708436623369104,0.002950523304442566,0.0028832019740955847,0.0032310110588645823,0.003092345674686544,0.003961494865709851,0.003290624982193993,0.0028352617744386737,0.0038376781486571905,0.003005815810467935,0.0034034824249532906,0.0031898512712296096,0.0033271907392383336,0.003497387540091168,0.003320104718904973,0.0035961831814150347,0.0034717699389132536,0.0030408635617026566,0.0032555901943601613,0.003257550692779092,0.0034862245603304257,0.003203130602126033,1.0000000000000004,0.0031943711249657336,0.0033811500279202545,0.0035521382950898244,0.0032497460277718672,0.003712646420079727,0.003553045065863472,0.003510595199614252,0.0034110775295324693,0.0031129032216620275,0.003939485713375905,0.003325534559956429,0.003110449704353536,0.00357858643060367,0.0032017894415366554,0.0031115928971689718,0.003197883167806845,0.0034616689093113287,0.0035400290946904205,0.0033644283983189287,0.0033504123520048594,0.0029984052063912595,0.0032750165597625657,0.0034297771473388917,0.0042407356518153,0.0028622681379549915,0.003441371319665244,0.0029268694501931925,0.0033526676868895866,0.003121125296015467,0.0031839093168531084,0.0029127171563146513,0.003048272973075117,0.0033121872867986537,0.003528042896295812,0.0032367971705758807,0.003665879580507507,0.003397538561024142,0.0031815044666285565,0.0034371811641776026,0.0031235483396285413,0.0033525493065017296,0.0028676271176684308,0.00336285831625992,0.0032016610504075663,0.0028436167128743453,0.0032076372602169037,0.0035732095975853063,0.003152769192424272,0.09485474709728613,0.002960805240432131,0.003193007336783037,0.0033098208083288316,0.00335833448829722,0.003216796627790973,0.0034560183855023257
103,0.003070537210506095,0.0035185808580600053,0.05898113534022978,0.003371652647782849,0.0031858672802597687,0.002595945301587542,0.07157796223438992,0.0032785383869344703,0.0031331476046073978,0.0033104388765398344,0.0031564303290615788,0.0780271086919703,0.0033932996568345935,0.003483874208993375,0.0031859695124872383,0.19675764745856944,0.15907901683842354,0.0034151388443733025,0.003494868366021161,0.0030952048125516716,0.0028687213605095036,0.0030267482024901146,0.0030760832041505635,0.0027748361331846882,0.002711523411777067,0.07403307328403179,0.002908213773976187,0.003725609988657284,0.0030946866569749724,0.06933285290530258,0.0036091658650495434,0.1441802495045485,0.0032008240698182464,0.00299991345723849,0.0031290751275663132,0.14434387952078093,0.003122411040137522,0.003382050573305597,0.0032650454440050396,0.13649254231041574,0.003061737994934785,0.00306358175663079,0.003278639373508827,0.0030124020782029237,0.0031943711249657336,1.0000000000000002,0.0031798214422048363,0.0033406283137785552,0.003056241815801703,0.0034915790770621725,0.0033414810914208955,0.08043926404106591,0.0032079669283714696,0.002927547233932705,0.0037049113583278617,0.0031275175645036723,0.002925239809866356,0.003365501610650565,0.0030111407762304213,0.0029263149319393423,0.2840736167631348,0.0032555458742576705,0.003329240148580318,0.0031640954921831484,0.003150914023086426,0.002819866935501277,0.0030800076288583253,0.0032255530884563186,0.00398822354672599,0.0026918360685720083,0.0032364568926245797,0.0027525907337460805,0.0031530350653846346,0.0029352797297144883,0.002994325313033418,0.0027392811298658144,0.002866765355407753,0.003114965046859797,0.0033179676613049928,0.00304406399067598,0.003447596941390018,0.003195234129763714,0.0029920636581981775,0.003232516237475961,0.0029375584946236544,0.0031529237338872047,0.002696875950996751,0.0031626188997350077,0.003011020030075446,0.002674295231605481,0.0030166403899937943,0.0033604449379854174,0.002965039408961114,0.0031943711249657336,0.0027845058373554637,0.0030028815967285813,0.003112739478955765,0.0031583644404422073,0.003025254368423783,0.14263649530973843
104,0.0032500753885146114,0.003724316712447392,0.0025623777608240685,0.0035687974246607517,0.003372148952703826,0.002747733492937933,0.0029137399199766108,0.003470238655704109,0.0033163466912161685,0.0035040044071150394,0.0033409907858935393,0.0031762667494174106,0.0035917101615959386,0.003687580721897167,0.003372257162578396,0.004363520241121687,0.00352791629132668,0.19828196719483804,0.0036992177211333955,0.003276185336320385,0.0030364591115837197,0.0032037259820481287,0.0032559456633925944,0.002937084296769738,0.002870069600799688,0.003216294488978253,0.003078260696206091,0.003943451097061767,0.1796766064746095,0.0028223477585812883,0.003820198338886499,0.002992124957160943,0.0033879802845857114,0.003175322175443554,0.0033120360913132486,0.0034814576818469143,0.0033049823462991458,0.003579803329984896,0.003455956763407371,0.003027013073324472,0.0032407616717263247,0.003242713240490894,0.0034703455470906598,0.003188541021805069,0.0033811500279202545,0.0031798214422048363,1.0,0.0035359590587723958,0.00323494412407695,0.0036957361033061495,0.1940054194993856,0.003494605183282989,0.003395540795074899,0.003098724607916562,0.003921542191747271,0.0033103874555766005,0.003096282265858876,0.003562286728640175,0.0031872059699176373,0.0030974202516735752,0.0031833174884359165,0.0034459017418522623,0.0035239050132117398,0.18370646324264522,0.18294115098387065,0.002984748106813613,0.003260099554155792,0.003414155240089498,0.004221420000629842,0.0028492311138414218,0.0034256966034207073,0.0029135381808081022,0.003337396996873104,0.0031069092324657053,0.0031694072854086017,0.0028994503476256466,0.0030343887364001013,0.00329710097641632,0.003511973409407844,0.00322205424617828,0.0036491822767661932,0.0033820634936957187,0.003167013388766613,0.003421525533202334,0.0031093212396291914,0.0033372791556827985,0.00285456568453922,0.003347541210088685,0.003187078163582902,0.0028306646420449572,0.0031930271530244622,0.003556934385955469,0.003138408997639893,0.0033811500279202545,0.002947319400722272,0.0031784638657879724,0.0032947452767538594,0.0033430379872025863,0.0032021448016224703,0.003440276954980402
105,0.0034144350750897755,0.003912659275123842,0.0026919598644098855,0.0037492752154961125,0.2897156767380792,0.0028866892283302015,0.003061090772729529,0.0036457322272711434,0.003484057786370792,0.0036812055477860053,0.19252914668026017,0.003336893856486442,0.003773346673325761,0.0038740655073927544,0.0035427957083151934,0.0045841879898544085,0.003706326680807177,0.0037976318334887733,0.0038862910017617115,0.0034418654300630313,0.003190016001261375,0.0033657417310190463,0.0034206022158627665,0.003085615698892856,0.0030152120001739795,0.0033789458403930563,0.22092772617809286,0.004142875513070093,0.0034412892414503737,0.002965076814850517,0.004013389734954795,0.0031434398226224056,0.0035593139649259206,0.13807067581810345,0.003479529194955583,0.00365751861121341,0.003472118734733028,0.0037608377008786593,0.0036307280848537197,0.003180092267040627,0.0034046503539741486,0.0034067006155972307,0.003645844524266085,0.003349788851571704,0.0035521382950898244,0.0033406283137785552,0.0035359590587723958,1.0,0.0033985386069004574,0.00388263331490638,0.0037157244674511734,0.0036713309954466396,0.0035672568182797512,0.0032554303283868443,0.004119858651668356,0.0034777971859981443,0.0032528644745556993,0.0037424352668184715,0.003348386284724295,0.0032540600094944873,0.048368977883713145,0.0036201645704196012,0.05354404148110652,0.0035184718141432025,0.0035038140303941356,0.003135689917294479,0.003424966173194364,0.0035868126151039673,0.00443490159267462,0.20449020192236392,0.0035989376371609004,0.0030608788314018262,0.0035061726278388995,0.0032640288578965884,0.0033296875022613185,0.0030460785618695637,0.0031878409250552897,0.0034638387957929115,0.003689577550798052,0.003384996874494379,0.003833725213026836,0.0035530979557779,0.003327172543780838,0.003594555631591244,0.0032665628427664406,0.0035060488272972597,0.002998924034772293,0.003516829844448358,0.0033482520150905255,0.0029738142917454034,0.003354501851104294,0.00373681225060748,0.0032971215988982037,0.0035521382950898244,0.003096368402678196,0.003339202083312876,0.003461363965952869,0.003512098888905733,0.41510426335558703,0.003614255332236065
106,0.003123765433822262,0.003579575985241004,0.0024627942803860064,0.0034301007523902995,0.0032410947676418177,0.0026409464029442265,0.03780963907844722,0.0033353723418571694,0.003187461188500774,0.0033678258312369053,0.0032111475224772287,0.0030528252715281584,0.003452123015592358,0.0035442676912046424,0.0032411987720802914,0.0041939376997741995,0.003390808411155466,0.0034743407887242897,0.003555452433594314,0.0031488606524509768,0.002918451075781018,0.003079217336781243,0.0031294075680988022,0.002822938333951889,0.00275852807701781,0.0030912973850292995,0.0029586280961614708,0.18537805639297333,0.0031483335145696,0.002712660882156128,0.0036717312969201054,0.002875839910632968,0.0032563108353917424,0.0030519174071937964,0.0031833181144590565,0.0033461553551343047,0.0031765385040746588,0.003440678927512322,0.0033216454967372744,0.002909372145518331,0.003114813682528592,0.0031166894061102767,0.0033354750790489467,0.0030646225202767205,0.0032497460277718672,0.003056241815801703,0.00323494412407695,0.0033985386069004574,1.0000000000000004,0.0035521061243176232,0.0033994061675711976,0.003358791896019564,0.11882322367989384,0.00297829670454756,0.06424679120458207,0.0031817335508069933,0.0029759492809387626,0.003423843086106289,0.0030633393534452505,0.00297704304041422,0.0030596019927410707,0.6362930153328705,0.0033869530261495737,0.003218945562351763,0.0032055355905102065,0.002868749751984064,0.04230411460451372,0.13715781491998552,0.004057360000390701,0.0027384994507639628,0.07555039472140009,0.0028003073071758157,0.003207693401394943,0.002986163244304077,0.0030462323916703596,0.0027867669793150145,0.002916461163037306,0.04278425712219973,0.003375485128615755,0.07105926131037386,0.38639235360736474,0.15898773476006442,0.0030439315307091604,0.003288552391531605,0.0029884815119449,0.003207580139949299,0.09989239338102876,0.003217443372951953,0.0030632165141375595,0.0027206545407564018,0.003068934303838497,0.0034186987552616748,0.0030164388120562506,0.0032497460277718672,0.002832775663895523,0.0030549369998273544,0.0031666992849284786,0.003213115161968878,0.04155207484243941,0.00330657506368018
107,0.0035687208957066105,0.004089458023315204,0.0028135996752758578,0.003918691236190537,0.003702762856971557,0.0030171281462372853,0.0031994102579347874,0.0038104695194040097,0.003641489602418006,0.0038475457494032447,0.0036685498656788833,0.03296222633840961,0.003943850395072633,0.004049120344514163,0.0037028816760124525,0.004791330662162485,0.0038738020144558536,0.003969232912714163,0.0040618982642154754,0.0339991477737752,0.003334161145541942,0.10393955029712205,0.003575166706992906,0.00322504337572439,0.0031514583916120533,0.0035316280324219017,0.003380061061907785,0.004330076890220485,0.003596788503530528,0.003099057780811375,0.1268329149244037,0.03105126485010533,0.0037201463321652117,0.0034866386909520263,0.034371194832069143,0.06843600156447309,0.034297993442503574,0.003930776187956653,0.003794787394721697,0.0033237889941030714,0.003558494038866147,0.0035606369443058603,0.112589577748352,0.003501153546020983,0.003712646420079727,0.0034915790770621725,0.0036957361033061495,0.00388263331490638,0.0035521061243176232,1.0,0.0038836244526725006,0.0038372250021949193,0.003728448093982898,0.0034025313066249176,0.004306019981117944,0.1099068826469208,0.003399849511252869,0.003911542215273565,0.033075749883672415,0.045918326318317375,0.003495417884396089,0.0037837465537438834,0.003869397460617544,0.0036774586741138856,0.0036621385587801156,0.003277380264731234,0.0035797278555796406,0.003748887545670799,0.004635298559239497,0.0031285768473544406,0.003761560453084141,0.03023571775859501,0.0036646037326084594,0.003411518372203538,0.0034801438903273585,0.030089518971587265,0.003331887785605172,0.0036203569896787,0.0038562960525810623,0.0035379524906011092,0.12115507735329646,0.0037136494443209284,0.03286619807874959,0.003756980440725545,0.003414166858572607,0.003664474337973583,0.003134434432684963,0.0036757425098198687,0.10581293894205447,0.04196375440527125,0.0035060795087479115,0.0039056651155461573,0.0034461064530167504,0.003712646420079727,0.0032362819548275752,0.13261490190730468,0.03419175658331797,0.04955953558706076,0.003516091074383099,0.03570203531478526
108,0.0034153066937254823,0.003913658077755717,0.0026926470534566218,0.0037502323103233244,0.0035435863829830594,0.0028874261268424218,0.0030618721915307142,0.0036466628902007948,0.0034849471779180596,0.003682145266154272,0.003510844159203437,0.0033377456808165954,0.00377430991298536,0.003875054458015019,0.003543700094163499,0.004585358216727571,0.003707272811963273,0.20836246820572552,0.003887283073242475,0.003442744050972336,0.0031908303314020147,0.0033666009194795723,0.0034214754088130257,0.003086403378285387,0.003015981707288674,0.0033798083995276603,0.0032347570760780406,0.004143933084065936,0.18881122541562678,0.0029658337237245445,0.004014414251517099,0.003144242263046477,0.0035602225674659996,0.003336753085436491,0.0034804174304683723,0.00365845228290781,0.1451636005824289,0.0037617977473149997,0.0036316549176065313,0.0031809040639037274,0.003405519474818835,0.0034075702598216854,0.0036467752158623095,0.0033506439676669005,0.003553045065863472,0.0033414810914208955,0.1940054194993856,0.0037157244674511734,0.0033994061675711976,0.0038836244526725006,1.0000000000000002,0.0036722681930922547,0.003568167448428747,0.003256261357145355,0.004120910347043521,0.0034786849793729956,0.0032536948483168336,0.003743390615580345,0.0033492410427797643,0.0032548906884453557,0.003345154873923534,0.00362108870657522,0.0037030576035884874,0.19304595696778243,0.19224173682894513,0.0031364903793643694,0.0034258404801521974,0.003587728237351677,0.004436033710518624,0.002994083807859269,0.0035998563546190774,0.0030616601960997683,0.0035070676647440454,0.003264862081641501,0.003330537486992094,0.0030468561484342407,0.003188654699954165,0.003464723025944928,0.003690519406326254,0.0033858609783044484,0.0038347038657955564,0.00355400497152857,0.003328021886506529,0.003595473230434589,0.003267396713373392,0.0035069438325992684,0.0029996895839827166,0.0035177276018704844,0.0033491067388703643,0.002974573431075575,0.003355358170308682,0.0037377661639559955,0.0032979632703801884,0.003553045065863472,0.003097158826963161,0.0033400544968747677,0.0034622475643436247,0.0035129954386349544,0.0033649393530707367,0.003615177959913118
109,0.0033745024512626927,0.003866899801723118,0.03374019991680749,0.003705426557222628,0.003501249523975719,0.021705008882369457,0.043007376698299155,0.0036030945286755524,0.003443310908508044,0.003638152980337188,0.003468898486627561,0.044524602293212485,0.44216235646247604,0.003828757397211709,0.25396036864781185,0.11038303980387854,0.08924494511114257,0.003753217633158291,0.0038408399115394593,0.0034016120017624405,0.02398572210778996,0.003326378587339893,0.0033805974658692286,0.0030495286952541673,0.0029799483844033126,0.04235067159439933,0.003196109943074435,0.00409442360644788,0.0034010425518115578,0.002930399541901428,0.003966452195059352,0.003106676552213302,0.2292903319663987,0.003296887359120681,0.003438835280037941,0.003614743068076658,0.0034315114868961613,0.12478260668575683,0.0035882658632438746,0.0765737033624357,0.003364832164769183,0.0033668584480988314,0.0036032055123306423,0.025187053758288808,0.003510595199614252,0.08043926404106591,0.003494605183282989,0.0036713309954466396,0.003358791896019564,0.0038372250021949193,0.0036722681930922547,1.0000000000000002,0.0035255369081083105,0.024477572265180752,0.13669473203056245,0.003437123527333921,0.0032148214570238754,0.003698666603358633,0.025176507861770964,0.04651338832187757,0.15775021678456624,0.0035778258916034874,0.003658815468442001,0.0034773224561057883,0.0034628360985961186,0.0030990172838567484,0.003384910385690172,0.003544863995274546,0.03334601366740063,0.0029583121092665032,0.11941084816276283,0.003025081131265022,0.0034651671116872635,0.003225855270267396,0.003290746021294355,0.02290345687125393,0.023969367715391356,0.0034233283837955715,0.003646427070798664,0.025451782792078624,0.0037888888921065503,0.003511543636844152,0.04755845561889582,0.0035525164553570666,0.0032283596195863103,0.0034650447590221685,0.002963850910600087,0.0034756996896339416,0.0033090934177657932,0.042507568559127885,0.025222490789651077,0.02809708170009656,0.003258560983854882,0.003510595199614252,0.023281586054933225,0.0033001493270755824,0.003420882497674436,0.050201784530053806,0.02529451329267574,0.003571985763354771
110,0.0032788427119478814,0.0037572816780643502,0.0025850580808142866,0.0036003858457004114,0.003401996783289666,0.0027720544481930356,0.0029395302444025022,0.003500954705600078,0.0033457006004270783,0.003535019327091142,0.0033705628268575795,0.003204380772007081,0.003623501389658625,0.0037202205270192223,0.003402105950960007,0.004402142975390425,0.00355914286205693,0.0036468221495084482,0.00373196052858026,0.0033051837661815272,0.003063335657790468,0.0032320830539618573,0.0032847649462655294,0.0029630812487833865,0.0028954733870546075,0.0032447628082511075,0.003105507239893237,0.10119343785605442,0.0033046304588871226,0.002847329145505171,0.0038540119795122986,0.003018609089405871,0.00341796824270405,0.003203427837345621,0.003341351846202558,0.0035122730344713054,0.003334235666524646,0.0036114891673611907,0.0034865464002926164,0.003053806010012891,0.003269446556855498,0.003271415399499329,0.003501062543112094,0.003216763687401893,0.0034110775295324693,0.0032079669283714696,0.003395540795074899,0.0035672568182797512,0.11882322367989384,0.003728448093982898,0.003568167448428747,0.0035255369081083105,1.0,0.0031261522833919016,0.003956252855070919,0.00333968861793134,0.0031236883234837015,0.0035938175216940777,0.003215416818597973,0.0031248363819281347,0.003211493919082491,0.04162258652656912,0.0035550960790009904,0.003378747995287083,0.0033646722942232187,0.0030111669444993407,0.0032889556042740384,0.0034443748800369687,0.0042587849660503194,0.002874450452838193,0.04137853136027275,0.002939326719584365,0.0033669372282085224,0.0031344093523349255,0.0031974605929698087,0.0029251141910625134,0.0030612469571388475,0.003326284536439544,0.003543058865245117,0.038918762547990454,0.13403866814689358,0.0867875937981151,0.003195045507281188,0.0034518104096690943,0.003136842708846319,0.0033668183439729857,0.07325140038370823,0.0033771712306836328,0.003215287881013735,0.002855719644023248,0.0032212895266195093,0.003588417803931956,0.0031661879307132742,0.0034110775295324693,0.002973406946494704,0.003206597335667228,0.0033239079858225665,0.0033726281485162036,0.0032304878780673946,0.003470727805509496
111,0.0029922275154926122,0.003428844445509075,0.002359089043940082,0.0032856634307703125,0.0031046162554498606,0.019246192806152924,0.038135357073945324,0.00319492391703247,0.0030532411203252584,0.003226010829911511,0.0030759300519262373,0.002924274556134139,0.02515773325599433,0.0033950229402843917,0.003104715880389418,0.19173962282387977,0.0032480256416719377,0.003328040573615824,0.003405736706935917,0.05914019361061877,0.24322365489098632,0.002949555283997347,0.002997632066437947,0.0027040678746016017,0.0026423698543241087,0.0029611266562793188,0.002834043907903615,0.0036305935918676,0.0030157610645930254,0.0025984340705941336,0.0035171192104191907,0.0027547418309890313,0.04434226851420566,0.002923404920849684,0.0030492725060329937,0.003205252870890022,0.0030427783766989315,0.025074333181902178,0.003181775092468393,0.0027868620647279554,0.002983652711429943,0.0029854494505998576,0.0031950223280875294,0.022333779980376868,0.0031129032216620275,0.002927547233932705,0.003098724607916562,0.0032554303283868443,0.00297829670454756,0.0034025313066249176,0.003256261357145355,0.024477572265180752,0.0031261522833919016,1.0,0.027468004926173656,0.0030477546664063634,0.0028506357189052906,0.0032796692671128716,0.25529864108376454,0.0028516834215152106,0.0029307659179561713,0.003172517795769249,0.003244332602184228,0.0030833997259378802,0.0030705544315083335,0.0027479502301957213,0.058849820455887304,0.003143289933415387,0.1203729733955952,0.0026231846088746926,0.02399490980266892,0.002682389812513452,0.003072621379632104,0.0028604195848425384,0.057212685256839285,0.29461749318232333,0.02125403748932439,0.0030355222829152287,0.0032333476037032264,0.02256851962288602,0.003359670872920335,0.003113744216747084,0.05716947173368432,0.003150075497198741,0.002862640233085854,0.0030725128874865572,0.00262809595624888,0.06042827708475206,0.0029342282363046643,0.002606091126067702,0.18708157612231807,0.024914150213941607,0.0028894202856936156,0.0031129032216620275,0.2994815393750399,0.002926297362153337,0.059475229134546115,0.0030778148365402593,0.0825668965078714,0.003167339256801741
112,0.0037867664713841357,0.04471037664107355,0.002985508036520833,0.004158119678892683,0.00392899827362099,0.024356716607539127,0.04826160136359274,0.041660172673388104,0.003863981279376605,0.004082627268073854,0.003892694899919584,0.04996418688407259,0.44801645214286573,0.004296517886185003,0.003929124352396376,0.00508407657393986,0.004110487766854975,0.00421174940552596,0.004310076525067964,0.0038171880041491593,0.026916065281188204,0.003732763299951227,0.0037936061158318646,0.00342209056994202,0.003344009610747603,0.0037474072681516406,0.003586579694663722,0.0045946406193123155,0.0038165489843196357,0.0032884073706568244,0.004451034900560963,0.003486220198463502,0.547382755131359,0.0381197039302118,0.0038589588619761923,0.004056357359509098,0.0038507403187351677,0.5957089415436932,0.004026645426278989,0.0035268694550944957,0.0389053042837548,0.0037781885979624604,0.00404341025696828,0.028264163995242887,0.003939485713375905,0.0037049113583278617,0.003921542191747271,0.004119858651668356,0.06424679120458207,0.004306019981117944,0.004120910347043521,0.13669473203056245,0.003956252855070919,0.027468004926173656,1.0,0.003857037983908832,0.0036075772001259165,0.004150533859350397,0.02825232970324837,0.003608903103685952,0.003708984713271272,0.06843646172202686,0.004105814098814309,0.04020595430108458,0.04003845823611648,0.06818610393337873,0.0037984459464165507,0.0039779411385223755,0.037419906588830605,0.003319730025108821,0.1339993088382829,0.003394656239412352,0.003888507661735539,0.0036199590177851226,0.0036927774921649164,0.025701579362137905,0.026897712867554095,0.003841557483368847,0.004091912206755405,0.1628308043025826,0.0724736634731692,0.003940550021478882,0.0036899882868523634,0.003986528502047108,0.0036227693242437678,0.0038883703612070733,0.0033259455035340403,0.003900327008024885,0.003713366395802914,0.03398209445169129,0.028303930379812502,0.031529710961049714,0.003656660398632969,0.003939485713375905,0.026125904706478024,0.0037033296027550867,0.0038388127825751414,0.0038950801594445383,0.028384751894562597,0.004008376381493505
113,0.003196615925859198,0.003663056604171255,0.002520230019052318,0.0035100954039868305,0.0033166815405808255,0.0027025368933230923,0.00286581273312118,0.003413157797064466,0.003261797152852229,0.0034463681463044304,0.0032860358846067157,0.0031240213417342015,0.00353263125655532,0.19894560238711123,0.18193384313720212,0.004291746076066704,0.003469886711491672,0.0035553671786132572,0.003638370458231117,0.003222296399387363,0.0029865133555393997,0.0031510289061277594,0.003202389642441418,0.002888773125640036,0.0028228607332193853,0.0031633906776605326,0.0030276273591105887,0.00387858651656563,0.0032217569679279814,0.0027759238524978597,0.2234591277271519,0.002942908439607859,0.003332252467889169,0.003123092304759043,0.00325755745664445,0.0034241922849927945,0.17830435544336473,0.003520920276653473,0.0033991108230993407,0.0029772226921774073,0.00318745540745412,0.1749449266743706,0.00341326293022839,0.0031360937184954844,0.003325534559956429,0.0031275175645036723,0.0033103874555766005,0.0034777971859981443,0.0031817335508069933,0.1099068826469208,0.0034786849793729956,0.003437123527333921,0.00333968861793134,0.0030477546664063634,0.003857037983908832,1.0,0.0030453524976611136,0.0035036918003469425,0.003134780626454514,0.003046471765106886,0.003130956105375464,0.0033892211934152096,0.003465941413622404,0.0032940157854608335,0.0032802930746932734,0.0029356529287399304,0.003206475207168575,0.003357996879824272,0.004151983197510137,0.002802365011945656,0.0033693484029184892,0.0028656143122964806,0.0032825012086858127,0.0030558046646536126,0.003117274706880467,0.002851758205428613,0.002984477035302692,0.003242868004731189,0.0034542060689976726,0.003169055694435144,0.21345569421959357,0.003326433000422116,0.003114920186687586,0.0033652459413155843,0.0030581769974737474,0.18004677376111397,0.002807611835976404,0.0032924785629449885,0.18642532226221353,0.0027841039341745585,0.003140506058760601,0.00349842749665508,0.0030867863001481214,0.003325534559956429,0.002898839875603165,0.003126182318432134,0.003240551053227795,0.0032880494121485895,0.003149473734039081,0.0033836889268845033
114,0.002989869111945365,0.003426141910738113,0.002357229665286322,0.0032830737479169637,0.003102169269733773,0.0025277455185885884,0.0026804612033820407,0.003192405752935622,0.0030508346272857105,0.003223468163839052,0.0030735056760029535,0.002921969711515672,0.003304152054184793,0.0033923470628305897,0.0031022688161512894,0.0040141697741481385,0.00324546562404119,0.0033254174900924087,0.0034030523851425235,0.003013888655225765,0.0027933552986161487,0.0029472305137021185,0.002995269403150404,0.0027019365917247355,0.3142849800217711,0.12367071211608416,0.002831810180965791,0.003627732043151354,0.0030133841124543393,0.0025963860458040238,0.003514347099548945,0.00275257060808826,0.0031167331196561092,0.09666210515201362,0.00304686914096215,0.0032027265657540013,0.003040380130148514,0.0032931985027130958,0.1743905012694535,0.0027846655254123074,0.002981301066342142,0.0029830963893643842,0.0031925040864253956,0.0029332612858628863,0.003110449704353536,0.002925239809866356,0.003096282265858876,0.0032528644745556993,0.0029759492809387626,0.003399849511252869,0.0032536948483168336,0.0032148214570238754,0.0031236883234837015,0.0028506357189052906,0.0036075772001259165,0.0030453524976611136,1.0,0.003277084308718729,0.002932033120382423,0.0028494357915264793,0.0029284559569985663,0.0031700172916516614,0.003241775495320587,0.003080969462592736,0.003068134292522982,0.0027457843602754035,0.002999090726720672,0.0031408124660133895,0.003883446308056249,0.0026211170762908157,0.0031514298091850786,0.6470921631038046,0.0030701996115267203,0.002858165069214773,0.0029156594272567544,0.0026673156772363893,0.0027914506810083495,0.0030331297554477455,0.003230799154957743,0.0029640913874504535,0.0033570228591368726,0.0031112900365859917,0.0029134571898402424,0.17265307227197374,0.15689897956133,0.0030700912048921376,0.0026260245526561945,0.003079531662674037,0.002931915546428943,0.0026040370661660583,0.0029373882501826667,0.0032721604832203722,0.002887142912393629,0.003110449704353536,0.0027113522567500372,0.0029239909232066093,0.0030309626568989848,0.003075388975073949,0.002945775925131098,0.0031648428342871088
115,0.003439857914536661,0.21621681168712703,0.0027120033743684257,0.0037771911722355262,0.003569059753181974,0.002908182633584938,0.003083882718552484,0.0036728772345833156,0.003509999015235495,0.0037086146785951144,0.0035360821591595157,0.003361739347731439,0.003801441858779207,0.0039029106144851983,0.003569174281784845,0.004618320451798305,0.0037339228558908076,0.003825907838818477,0.003915227136146714,0.003467492507544941,0.0032137678849110973,0.003390802014716234,0.0034460709739539577,0.003108590249816387,0.0030376623466860536,0.0034041044378508726,0.0032580104007036786,0.004173722097263657,0.0034669120288080705,0.002987153870103836,0.004043272207640808,0.0031668449142888133,0.003585815528283071,0.003360739616995556,0.263788548090805,0.0036847513763361814,0.0034979710690701566,0.0037888397483484644,0.0036577613759096656,0.003203770261599984,0.18814381541629094,0.003432065866623905,0.0036729903677073417,0.0033747303550068614,0.00357858643060367,0.003365501610650565,0.003562286728640175,0.0037424352668184715,0.003423843086106289,0.003911542215273565,0.003743390615580345,0.003698666603358633,0.0035938175216940777,0.0032796692671128716,0.004150533859350397,0.0035036918003469425,0.003277084308718729,0.9999999999999997,0.0033733173450756064,0.003278288745245081,0.003369201802449212,0.0036471192087773564,0.0037296773461343736,0.0035446692793350107,0.0035299023582104467,0.17328083757955742,0.0034504674239773632,0.003613518925001353,0.004467922513756371,0.0030156070323559075,0.003625734226264733,0.0030836691991744662,0.0035322785170505337,0.003288331818643945,0.0033544793371964323,0.0030687587313611366,0.0032115766137527117,0.0034896294802366683,0.20388912972257311,0.0034102005261017294,0.0038622699586233515,0.07659831051828542,0.0033519456531041717,0.0036213195936216067,0.0032908846707902545,0.0035321537947279186,0.003021253106074789,0.0035430150840359267,0.003373182075711203,0.0029959564035797917,0.0033794784460927526,0.003764635411921464,0.0033216709580754147,0.00357858643060367,0.003119423014945974,0.0033640647609089742,0.003487136223570431,0.003538248903245041,0.003389128503996842,0.0036411659722133294
116,0.0030776679464723402,0.003526752089787425,0.0024264507614532678,0.0033794826668163158,0.003193265848276239,0.019795750952905655,0.03922427873083588,0.003286152165888993,0.0031404237412506163,0.003318126738286056,0.0031637605353835785,0.1261825175642351,0.025876090252825612,0.0034919648411599366,0.003193368317918523,0.2937558454224699,0.0033407701636779695,0.003423069851789194,0.0035029845300167026,0.08704739116788043,0.35093948933071323,0.0030337772468522596,0.0030832268196273435,0.0027812801599001553,0.00271782040679459,0.0030456790295156884,0.002914967544777162,0.0037342620059822727,0.0031018734754162686,0.0026726300753145238,0.0036175474631471,0.026778637309957068,0.10298159552093825,0.003006880183032257,0.02964174776006679,0.05901926616147049,0.029578618819225768,0.02579030876280259,0.0032726278881777824,0.0028664384654724056,0.0030688482964041823,0.0030706963398844283,0.0032862533869853724,0.02297150146948485,0.0032017894415366554,0.0030111407762304213,0.0031872059699176373,0.003348386284724295,0.0030633393534452505,0.033075749883672415,0.0033492410427797643,0.025176507861770964,0.003215416818597973,0.25529864108376454,0.02825232970324837,0.003134780626454514,0.002932033120382423,0.0033733173450756064,1.0,0.0029331107392209944,0.003014451366951733,0.0032631062574948124,0.0033369716726883865,0.0031714434993818713,0.00315823141884183,0.0028264155376508306,0.06053022543739248,0.0032330438191793304,0.1705087934414723,0.0026980873434967107,0.02468006339618576,0.026075308802143607,0.0031603573868554968,0.002942096356026018,0.05884634327934668,0.7608925140731708,0.06386488114252718,0.0031221989579868926,0.0033256730072152635,0.023212943896498243,0.0034556033265342755,0.00320265445049838,0.08414672095306716,0.0032400231387820825,0.002944380412931269,0.003160245796811937,0.0027031389300853858,0.06215375351017477,0.00301801254876243,0.0026805057712879572,0.2630680671099691,0.025625551910754895,0.0029719251464413415,0.0032017894415366554,0.438449667766318,0.0724446491979099,0.08754052395162572,0.003165699138368327,0.023069508440676036,0.03078946572827517
117,0.002990967987417643,0.003427401130847519,0.002358096024904327,0.003284280385759688,0.0031033094192164865,0.002528674548404456,0.0026814463612469855,0.003193579067300938,0.0030519559095948615,0.0032246528946644785,0.0030746352906699547,0.0029230436317197023,0.11523152381920113,0.0033935938622192004,0.0031034090022205936,0.004015645113884166,0.0032466584396584797,0.003326639690656423,0.0034043031190900295,0.003014996358672104,0.0027943819487831222,0.039805259619742774,0.0029963702634077435,0.002702929642502923,0.00264125759297408,0.002959880219590326,0.0028328509645698555,0.0036290653542806906,0.0030144916304645753,0.002597340303276667,0.003515638737973295,0.0027535822685368252,0.003117878621833828,0.00292217436249366,0.0030479889658243378,0.003203903673358297,0.0030414975700852904,0.003294408861737013,0.13293487871282003,0.002785688981801133,0.0029823967927751793,0.0029841927756378227,0.04311792152206816,0.002934339356092763,0.0031115928971689718,0.0029263149319393423,0.0030974202516735752,0.0032540600094944873,0.00297704304041422,0.045918326318317375,0.0032548906884453557,0.04651338832187757,0.0031248363819281347,0.0028516834215152106,0.003608903103685952,0.003046471765106886,0.0028494357915264793,0.003278288745245081,0.0029331107392209944,1.0,0.002929532261111658,0.0031711823775193255,0.0032429669546939115,0.0030821018204473844,0.0030692619330294642,0.0027467935265541605,0.00300019299144041,0.0031419668181447715,0.0038848736026086367,0.0026220804232325256,0.003152588063540122,0.002681260705432062,0.0030713280111060283,0.002859215539109169,0.0029167310282232745,0.002668296003687078,0.0027924766311655585,0.00303424453063278,0.003231986580164103,0.0029651807887591084,0.003358256675716015,0.003112433538251228,0.04215312341347202,0.0031487495256586587,0.11960139265798439,0.003071219564628433,0.002626989703257264,0.003080663492089812,0.00293299312205521,0.0702414019253616,0.0029384678372079945,0.003273363110078519,0.0028882040326007694,0.0031115928971689718,0.002712348768095549,0.03949138599199987,0.0030320766356038554,0.14571311233897877,0.002946858594903504,0.003166006018371094
118,0.003073913104479166,0.0035224493524302555,0.18092388427900885,0.003375359602322918,0.04612819192837175,0.0025987994067480542,0.0027558078667072475,0.0032821429672479944,0.003136592335411814,0.003314078529761848,0.04570197413107999,0.0030041050797956674,0.0033970304111212166,0.0034877045452305767,0.0031894723181978457,0.44538325768563514,0.36009340253899896,0.0034188936096966054,0.003498710789755079,0.0030986078272542323,0.002871875368582823,0.0030300759527547355,0.003079465195651603,0.0027778869193944193,0.0027145045889835633,0.2270955129363803,0.002911411201878502,0.003729706100654783,0.0030980891019927624,0.0026693693909867963,0.0036131339528649086,0.0028299442371580654,0.0032043432073324205,0.0030032117041137838,0.003132515380896673,0.0032927538938750302,0.0031258439666546744,0.00338576895981724,0.003268635189538331,0.3089663549509962,0.0030651042146336883,0.0030669500034485883,0.0032822440648517717,0.003015714055659336,0.003197883167806845,0.2840736167631348,0.0031833174884359165,0.048368977883713145,0.0030596019927410707,0.003495417884396089,0.003345154873923534,0.15775021678456624,0.003211493919082491,0.0029307659179561713,0.003708984713271272,0.003130956105375464,0.0029284559569985663,0.003369201802449212,0.003014451366951733,0.002929532261111658,1.0000000000000002,0.0032591251755142575,0.048204088569826394,0.0031675742485602846,0.003154378287132406,0.0028229672307069,0.0030833939350576765,0.003229099414224292,0.003992608388501749,0.07525542635636015,0.003240015206551058,0.002755617062310538,0.0031565016614049307,0.002938506915209885,0.002997617416038422,0.002742292825221669,0.0028699172129564633,0.003118389786899436,0.0033216155920294007,0.0030474107787378875,0.003451387392681796,0.003198747121433156,0.002995353274632785,0.003236070218859613,0.002940788185501072,0.0031563902075043824,0.0026998410240914325,0.0031660960326765023,0.0030143304880427186,0.0026772354783882587,0.0030199570272508376,0.003364139570238746,0.0029682993136567423,0.003197883167806845,0.002787567254895738,0.003006183106916947,0.003116161772100688,0.0031618368958297428,0.0030285804762965112,0.06962767967853374
119,0.0033274728516732707,0.0038130077829873175,0.0026233983571594005,0.0036537849508492246,0.003452453482024818,0.0028131681602508885,0.002983127872916795,0.0035528790982783864,0.18624164341058794,0.0035874489490373153,0.0034205533130208855,0.003251906529832616,0.00367724333288516,0.0037753969596608264,0.00345256426881493,0.0044674333375063924,0.003611930272094549,0.0037009099744712026,0.0037873110829978822,0.003354204583124591,0.0031087695056909114,0.003280019678047388,0.0033334829215803797,0.003007028173904541,0.002938417586503553,0.003292887492050672,0.003151566555408405,0.04833887866663867,0.003353643069455742,0.002889559293869876,0.21453728546327172,0.0030633795754249856,0.003468661822061779,0.0032509394617253615,0.0033909090898484374,0.003564365294889185,0.003383687366586264,0.00366505295137118,0.003538257096260877,0.0030990985189886986,0.0033179373375523623,0.0033199353810762834,0.003552988535181937,0.003264473102376843,0.0034616689093113287,0.0032555458742576705,0.0034459017418522623,0.0036201645704196012,0.6362930153328705,0.0037837465537438834,0.00362108870657522,0.0035778258916034874,0.04162258652656912,0.003172517795769249,0.06843646172202686,0.0033892211934152096,0.0031700172916516614,0.0036471192087773564,0.0032631062574948124,0.0031711823775193255,0.0032591251755142575,1.0,0.1978978442216748,0.003428859879736117,0.003414575414980425,0.003055827052382492,0.003337735733312748,0.00349546010930779,0.004321949114548427,0.0029170828507406182,0.04199223684676925,0.0029829213295213086,0.0034168739413231093,0.0031808973293901165,0.0032448837141936305,0.0029684980079518523,0.0031066498264857413,0.18516082952510698,0.003595607725562296,0.03949598598531834,0.27929924660248284,0.04145738157788664,0.003242432809173372,0.0035030059189614686,0.0031833667762167666,0.0034167532938566116,0.034991306060243595,0.0034272597293561243,0.17898209389139766,0.0028980742360258903,0.0032690660665567898,0.0036416394051275243,0.00321314723159903,0.0034616689093113287,0.0030175070171512127,0.0032541559684459006,0.0033732065109381127,0.003422649266487638,0.0032784008433094096,0.0035222038880662137
120,0.003402795303453584,0.003899321062666699,0.002682783002824752,0.003736493977502164,0.05106351074854622,0.002876848536484118,0.0030506555479357794,0.003633303966185809,0.473771431883545,0.0036686563585409926,0.05059169132178383,0.003325518422012061,0.003760483375996688,0.0038608588606655466,0.003530718356691401,0.0045685605433908455,0.003693691853895851,0.003784685748315671,0.0038730426784585946,0.003430132148648277,0.003179141271780832,0.003354267954457507,0.003408941420511475,0.0030750968688954172,0.003004933175611528,0.0033674270511678136,0.0032229070983621445,0.004128752495988553,0.0034295579242562663,0.0029549689005836984,0.21939366598378016,0.003132723870822832,0.0035471803027469274,0.0033245294628348795,0.0034676675181803465,0.0036450501704747835,0.0034602823201352276,0.003748017046499148,0.003618350972724946,0.0031692513674609507,0.003393043938344677,0.0033950872106484242,0.003633415880361529,0.0033383694582008318,0.0035400290946904205,0.003329240148580318,0.0035239050132117398,0.05354404148110652,0.0033869530261495737,0.003869397460617544,0.0037030576035884874,0.003658815468442001,0.0035550960790009904,0.003244332602184228,0.004105814098814309,0.003465941413622404,0.003241775495320587,0.0037296773461343736,0.0033369716726883865,0.0032429669546939115,0.048204088569826394,0.1978978442216748,0.9999999999999998,0.003506477382407251,0.0034918695668818517,0.003125000384836974,0.0034132905011605022,0.003574585210328809,0.004419783061897942,0.0833071081260147,0.00358666889831884,0.003050444329113733,0.0034942201238938545,0.0032529018194013973,0.003318336634169271,0.0030356945135376068,0.0031769736103856223,0.18935222890692147,0.003676999821486804,0.003373457457360404,0.003820656085919662,0.0035409854839057596,0.0033158302491546037,0.003582301830957999,0.0032554271659446837,0.0034940967453869,0.002988700735704843,0.003504841010169046,0.18303362811500376,0.002963676591515901,0.003343066391169825,0.0037240734987238323,0.0032858817476127252,0.0035400290946904205,0.0030858129168317575,0.0033278187801186175,0.0034495642142436133,0.0035001261824018585,0.003352612474912215,0.0036019343755398802
121,0.0032340019944403016,0.03818388282511577,0.0025497054063111486,0.0035511477764154625,0.003355471838324996,0.0027341444533115766,0.002899329888095708,0.035578925326551346,0.0032999455494324044,0.0034866751956534494,0.003324467765630662,0.00316055837928885,0.036824322564670775,0.13490687238404436,0.003355579513042762,0.0043419402554282375,0.003510468822565782,0.1973013548041794,0.0036809230734435082,0.0032599828143243586,0.0030214421664188505,0.003187881811049037,0.0032398432376097366,0.0029225588142230015,0.002855875542447265,0.0032003881598626055,0.0030630370194235676,0.0039239485822217006,0.17878800773255968,0.0028083897107468486,0.0038013053761078697,0.0029773272685516316,0.03473556418229846,0.032555268319125544,0.003295656267795264,0.0034642399762296505,0.003288637407394519,0.03670224673220064,0.003438865173729689,0.003012042843966848,0.033226192478138294,0.06092923306098155,0.003453182797035835,0.0031727719487101218,0.0033644283983189287,0.0031640954921831484,0.18370646324264522,0.0035184718141432025,0.003218945562351763,0.0036774586741138856,0.19304595696778243,0.0034773224561057883,0.003378747995287083,0.0030833997259378802,0.04020595430108458,0.0032940157854608335,0.003080969462592736,0.0035446692793350107,0.0031714434993818713,0.0030821018204473844,0.0031675742485602846,0.003428859879736117,0.003506477382407251,1.0,0.2129116864027262,0.0582327951248228,0.003243976585119256,0.0033972703817262864,0.004200542778069688,0.0028351401131638996,0.003408754666725826,0.002899129146637335,0.0033208917498555334,0.0030915438730580408,0.0031537328390679447,0.002885110985467779,0.003019382030368861,0.0032807950151810786,0.003494604786886842,0.0032061194319242337,0.0036311350816178195,0.0033653373465082977,0.003151350781549515,0.0034046042247228995,0.003093943951531569,0.003320774491454137,0.002840448301502277,0.003330985794408208,0.003171316325119115,0.029021636814022617,0.0031772358935657115,0.003539343406901886,0.0031228878547261956,0.0033644283983189287,0.0029327433000083994,0.00316274462972154,0.0032784509657372957,0.0033265048424135197,0.00318630845042232,0.0034232629105008247
122,0.0032205292982294036,0.038024810612315746,0.0025390834566569524,0.0035363538661847636,0.003341493104607548,0.0027227541394900315,0.0028872514197259783,0.03543070524095495,0.0032861981355543552,0.00347214987508226,0.0033106181933835626,0.0031473916456337164,0.03667091421429287,0.003654057317077637,0.0033416003307576376,0.004323851941899731,0.0034958443788933404,0.3426152877480664,0.00366558852558935,0.0032464018832718588,0.0030088549841917095,0.0031746012492960304,0.003226346207061738,0.002910383575268233,0.002843978102784064,0.0031870554972640948,0.003050276555046498,0.003907601601828262,0.1780431855220374,0.002796690094766478,0.003785469321391392,0.002964923866859679,0.03459085749852189,0.03241964464267702,0.003281926722857481,0.0034498081196996833,0.0032749371026903813,0.03654934694384848,0.003424539027402153,0.002999494818863358,0.03308777376402731,0.003213234078711705,0.003438797004180684,0.0031595543339143005,0.0033504123520048594,0.003150914023086426,0.18294115098387065,0.0035038140303941356,0.0032055355905102065,0.0036621385587801156,0.19224173682894513,0.0034628360985961186,0.0033646722942232187,0.0030705544315083335,0.04003845823611648,0.0032802930746932734,0.003068134292522982,0.0035299023582104467,0.00315823141884183,0.0030692619330294642,0.003154378287132406,0.003414575414980425,0.0034918695668818517,0.2129116864027262,1.0000000000000004,0.05799020011109772,0.0032304623352450404,0.00338311751729455,0.004183043519606922,0.002823329056298241,0.0033945539593171017,0.002887051514546831,0.003307057075117547,0.003078664650504691,0.0031405945402839183,0.0028730917523600834,0.0030068034305690662,0.003267127381504368,0.0034800464320213173,0.0031927628931229498,0.0036160079481344534,0.0033513175135599445,0.0031382224063021334,0.003390420807855227,0.003081054730367145,0.0033069403052089913,0.002828615130980215,0.0033171090683678317,0.0031581047743809145,0.028900734075863972,0.0031639996821910864,0.0035245986731048105,0.0031098780546581196,0.0033504123520048594,0.002920525632977431,0.003149568788252629,0.0032647930972574254,0.003312646783802868,0.003173034443213742,0.003409001762448814
123,0.0028821681633809317,0.2426165917400337,0.002272317630200487,0.0031648109933886956,0.0029904230492644847,0.0024366911680841438,0.0025839057344349157,0.06033903043283089,0.002940937581304959,0.003107352519336196,0.0029627919743893372,0.0028167146325058685,0.0624511251957318,0.003270148069213474,0.002990519009824831,0.0038695715070711113,0.003128557587884695,0.0032056294309346363,0.0032804677648225274,0.0029053224756098958,0.0026927331629726598,0.002841065491060967,0.0028873739255067606,0.002604607537176135,0.002545178877802235,0.0028522112480680968,0.0027298028250498014,0.003497054020951655,0.0029048361074585087,0.0025028591289047728,0.003387753425366394,0.0026534176169766203,0.05890875694137818,0.05521114839269081,0.28093537305230437,0.0030873580742885732,0.10775581482484907,0.062244094283389104,0.003064743849546846,0.0026843564124403208,0.31390397250618374,0.0028756394075486694,0.0030775038287117304,0.0028275994622022475,0.0029984052063912595,0.002819866935501277,0.002984748106813613,0.003135689917294479,0.002868749751984064,0.003277380264731234,0.0031364903793643694,0.0030990172838567484,0.0030111669444993407,0.0027479502301957213,0.06818610393337873,0.0029356529287399304,0.0027457843602754035,0.17328083757955742,0.0028264155376508306,0.0027467935265541605,0.0028229672307069,0.003055827052382492,0.003125000384836974,0.0582327951248228,0.05799020011109772,1.0000000000000004,0.0028910575975083876,0.003027674241834558,0.003743556956577392,0.002526699299175724,0.003037909127484526,0.0025837268320590395,0.002959605000838751,0.002755208358541953,0.0028106316570604643,0.0025712337359194907,0.0026908971534260607,0.002923870473669962,0.1708334393878588,0.002857319003072607,0.0032360963126077907,0.002999215268208805,0.002808508748554296,0.003034210220735131,0.002757347327465878,0.002959500499223732,0.0025314299986188295,0.0029686008932035307,0.0028263021989417183,0.049218390124478026,0.0028315777651742265,0.003154290845887456,0.002783142362983774,0.0029984052063912595,0.002613684031483047,0.002818663036188089,0.002921781438260622,0.002964607433334634,0.0028396632996227317,0.0030508389891193543
124,0.0031480563210646,0.00360741132642617,0.0024819453528443286,0.003456773750850437,0.003266298026084365,0.002661482814094817,0.038103652729275114,0.003361308717421749,0.00321224738386643,0.0033940145701968306,0.003236117906470359,0.0030765645170036143,0.0034789672626060744,0.0035718284695881748,0.003266402839277575,0.00422655041347657,0.003417175866241543,0.003501357804607295,0.003583100186279207,0.29215922489963086,0.05766729740417019,0.0585969134171725,0.0031537423294573062,0.002844889942744164,0.0027799788216057845,0.0031153357956600234,0.0029816348497088826,0.05156942461718639,0.0031728154470398334,0.0027337549562827276,0.003700283252182802,0.0028982028903368332,0.0032816324163504377,0.003075649592974584,0.0032080720926347486,0.0033721755810920064,0.0032012397629425527,0.003467434183512138,0.0033474751302131583,0.0029319958771108507,0.0031390349595566223,0.0031409252690574436,0.003361412253513954,0.0030884535029985197,0.0032750165597625657,0.0030800076288583253,0.003260099554155792,0.003424966173194364,0.04230411460451372,0.0035797278555796406,0.0034258404801521974,0.003384910385690172,0.0032889556042740384,0.058849820455887304,0.0037984459464165507,0.003206475207168575,0.002999090726720672,0.0034504674239773632,0.06053022543739248,0.00300019299144041,0.0030833939350576765,0.003337735733312748,0.0034132905011605022,0.003243976585119256,0.0032304623352450404,0.0028910575975083876,1.0000000000000002,0.0033069857464357866,0.004088910664599975,0.0027597944496302244,0.003318164829209347,0.002822082933574009,0.0032326369256037812,0.0030093841154582367,0.3811538886844983,0.05506527812849251,0.0029391400199357616,0.04311695417885129,0.003401733427466756,0.003120914755497515,0.003534635342210025,0.04422802872302173,0.3650225202536419,0.003314124687859717,0.0030117204103098268,0.0032325227834194693,0.0027649615694652642,0.8291850186284684,0.0030870365635363188,0.002741810774819087,0.06064077917288814,0.003445283090013715,0.0030398951107474793,0.0032750165597625657,0.05597438930698598,0.0030786926664314413,0.49863980948620745,0.0032381008466335973,0.041875190257494074,0.003332287507118003
125,0.003296817414964732,0.003777879196227623,0.07859076759176653,0.0036201232567347123,0.0034206466202034917,0.0027872509244592633,0.0029556448274411,0.0035201470324778814,0.003364041820168067,0.471311413160284,0.0033890403419855955,0.003221947272687291,0.00364336552072015,0.003740614874966043,0.0034207563863339068,0.004426275640349322,0.003578654177957171,0.003666814125596177,0.0037524192355281112,0.0033233028715587824,0.0030801289454004737,0.0032498014192890697,0.16845493000952952,0.1519577968413955,0.0029113464492286035,0.003262550684328819,0.003122531713238773,0.004000165133953034,0.0033227465310190626,0.0028629382796655813,0.0038751397757626907,0.0030351571847775467,0.0034367056355834825,0.003220989114012653,0.0033596692259571406,0.1067798962892213,0.00335251403519283,0.0036312874471003628,0.003505659740457232,0.0030705470558401384,0.003287369749900043,0.003289349385791651,0.0035202554611580084,0.0032343980715538816,0.0034297771473388917,0.0032255530884563186,0.003414155240089498,0.0035868126151039673,0.13715781491998552,0.003748887545670799,0.003587728237351677,0.003544863995274546,0.0034443748800369687,0.003143289933415387,0.0039779411385223755,0.003357996879824272,0.0031408124660133895,0.003613518925001353,0.0032330438191793304,0.0031419668181447715,0.003229099414224292,0.00349546010930779,0.003574585210328809,0.0033972703817262864,0.00338311751729455,0.003027674241834558,0.0033069857464357866,1.0000000000000002,0.0042821317385863845,0.0028902082667272657,0.0034749643840429776,0.0029554401868944927,0.1726690294138621,0.20681439593709605,0.0032149891570443486,0.0029411497449130025,0.003078028794436288,0.0033445193168009733,0.0035624820082467423,0.00326839327736839,0.00370166418998725,0.003430703750422367,0.003212560831791702,0.054206224414913795,0.003154038964066683,0.0033852753317461645,0.0028956195583053046,0.003395684973257313,0.0032329141747558235,0.002871374775119857,0.003238948721542549,0.0036080896058427398,0.16237386083643585,0.0034297771473388917,0.0029897072425158363,0.003224175987608419,0.003342129737870259,0.0033911169857925227,0.003248197498597896,0.0034897544277164814
126,0.004076338067624619,0.004671145181582493,0.003213807915654423,0.0044760884160394985,0.004229446244288342,0.026219259059132183,0.051952134975735254,0.004352473172154403,0.004159457442316077,0.004394823149125623,0.004190366774952026,0.003983765148751807,0.03427260301417035,0.004625069845219228,0.004229581964226582,0.13334072020137527,0.004424814122327353,0.0045338191733712615,0.0046396653044960155,0.004109085915431624,0.16244415464115247,0.004018205308409615,0.004083700735283685,0.0036837756345759125,0.0035997238746572433,0.004033969091438625,0.0038608431368579435,0.004945989831982226,0.004108398030166784,0.0035398697670326984,0.004791402676291908,0.00375280921453924,0.060407865449205816,0.003982580436895299,0.0041540509638877095,0.00436654439755096,0.004145203953931598,0.03415898635397177,0.004334560411898858,0.0037965668936772922,0.0040646565360425106,0.0040671042497400795,0.004352607238407031,0.030425506435119747,0.0042407356518153,0.00398822354672599,0.004221420000629842,0.00443490159267462,0.004057360000390701,0.004635298559239497,0.004436033710518624,0.03334601366740063,0.0042587849660503194,0.1203729733955952,0.037419906588830605,0.004151983197510137,0.003883446308056249,0.004467922513756371,0.1705087934414723,0.0038848736026086367,0.003992608388501749,0.004321949114548427,0.004419783061897942,0.004200542778069688,0.004183043519606922,0.003743556956577392,0.004088910664599975,0.0042821317385863845,1.0,0.0035735876447224348,0.032688478316374184,0.003654243418437693,0.004185859341357476,0.0038967749553472874,0.003975161811622637,0.1975969789968211,0.02895456366866222,0.004135318913051645,0.004404818101095644,0.03074529433085505,0.0045769094104865056,0.0042418813468742995,0.003972159317573981,0.004291375772276057,0.003899800164133104,0.0041857115415459166,0.0035802784167847427,0.004198582505454809,0.003997325135478081,0.003550301041576901,0.12403624754535658,0.033940767676848456,0.003936282867180514,0.0042407356518153,0.20085924568370453,0.0039865208353220246,0.004132364326753766,0.004192934433738543,0.03055531561353263,0.004314894345010137
127,0.002751308623894186,0.0031527713865593878,0.002169147231459132,0.003021118576541088,0.1950167999089042,0.00232605769146116,0.0024665882514436827,0.0029376849454477686,0.002807409724589831,0.0029662688987238854,0.20571545542461206,0.0026888268900908258,0.0030405150529888574,0.0031216730163599435,0.0028547399996254478,0.003693880736539401,0.0029865111901727355,0.0030600837280755824,0.003131524165188069,0.002773411657202679,0.0025704745709361895,0.0027120721427423156,0.0027562780279743186,0.0024863501269427376,0.0024296197164416096,0.0027227118471714884,0.1078548059532157,0.003338276721085435,0.0027729473717018186,0.002389221417833648,0.003233938717824119,0.0025329440749275447,0.0028680502020060265,0.12313632548488485,0.0028037606428703813,0.002947182264644571,0.0027977893876937683,0.003030435481108622,0.002925594797145239,0.0025624781513404644,0.0027434242193013947,0.0027450762942012744,0.0029377754329468204,0.0026992175141334345,0.0028622681379549915,0.0026918360685720083,0.0028492311138414218,0.20449020192236392,0.0027384994507639628,0.0031285768473544406,0.002994083807859269,0.0029583121092665032,0.002874450452838193,0.0026231846088746926,0.003319730025108821,0.002802365011945656,0.0026211170762908157,0.0030156070323559075,0.0026980873434967107,0.0026220804232325256,0.07525542635636015,0.0029170828507406182,0.0833071081260147,0.0028351401131638996,0.002823329056298241,0.002526699299175724,0.0027597944496302244,0.0028902082667272657,0.0035735876447224348,1.0000000000000002,0.0028999784562363665,0.00246641747180083,0.002825229584305763,0.002630113195265326,0.0026830201009469734,0.002454491601692141,0.0025687219220230243,0.0027911175175570485,0.0029730149529260457,0.0027275876939632186,0.003089167317074839,0.002863041420407007,0.002680993579193327,0.0028964474915383685,0.002632155048243028,0.00282512982739419,0.0024164950798063176,0.0028338170347388452,0.002697979150723033,0.002396261966270887,0.0027030151895828885,0.003011076076969916,0.0026567789076609987,0.0028622681379549915,0.0024950145197351553,0.0026906868300907985,0.0027891233309546275,0.002830004890563475,0.0027107336152249477,0.0029123212613070917
128,0.0033079621242550357,0.0037906501083153628,0.0026080159896578166,0.003632360883576965,0.0034322099272868587,0.021277017375592944,0.042159333186528855,0.0035320466952126197,0.003375413777849442,0.0035664138447129325,0.003400496805790081,0.043646641278436024,0.122728930524869,0.003753259817072711,0.0034323200644756184,0.004441238420825588,0.003590751620867667,0.003679209588343327,0.0037651040816240704,0.003334537113473132,0.023512758221819183,0.0032607871936012273,0.0033139369539540503,0.0029893963825555893,0.0029211880951968434,0.003273579556827697,0.003133087259334787,0.04805544233900833,0.0033339788922549275,0.0028726162844886958,0.003888239471870863,0.0030454173661030827,0.2247690569372372,0.003231877489917234,0.0033710264023251485,0.003543465542197701,0.003363847023833418,0.12232207344458784,0.003517510429700978,0.0030809268706713166,0.003298482521880098,0.003300468849821563,0.003532155490429915,0.02469040134281676,0.003441371319665244,0.0032364568926245797,0.0034256966034207073,0.0035989376371609004,0.07555039472140009,0.003761560453084141,0.0035998563546190774,0.11941084816276283,0.04137853136027275,0.02399490980266892,0.1339993088382829,0.0033693484029184892,0.0031514298091850786,0.003625734226264733,0.02468006339618576,0.003152588063540122,0.003240015206551058,0.04199223684676925,0.00358666889831884,0.003408754666725826,0.0033945539593171017,0.003037909127484526,0.003318164829209347,0.0034749643840429776,0.032688478316374184,0.0028999784562363665,1.0000000000000004,0.0029654308893089826,0.0033968390081881624,0.0031622460515268237,0.0032258572504255895,0.022451833696628964,0.02349672631447843,0.003355825279737338,0.0035745247820302196,0.06093486860004034,0.08522470585135378,0.041214295095292765,0.003223420716353468,0.003482465948636857,0.003164701018684952,0.003396719068141361,0.034786133587023836,0.0034071638988710357,0.0032438428626699956,0.0028810812990501685,0.024725139606971393,0.027543047725818164,0.0031943068555584384,0.003441371319665244,0.022822506717541585,0.003235075136563278,0.0033534276229669506,0.003402580469576769,0.02479574192999252,0.003501551349928465
129,0.0028134055829872047,0.0032239293490360643,0.002218104824122075,0.0030893051387585616,0.0029190777308514574,0.2934974418882581,0.0025222590796521254,0.0030039884129327977,0.002870772883964678,0.0030332175052390797,0.0028921058763617153,0.025985812373205405,0.0031091393931400985,0.0031921290894864527,0.0029191714019910025,0.0037772515219901145,0.003053916664642739,0.0031291497326790814,0.0032022025784695456,0.026803270684077046,0.0026284901104852015,0.002773283535547394,0.002818487146379165,0.002542466980131369,0.2957357276643321,0.00278416337780951,0.002664675366977987,0.0034136215338011434,0.002835532716730812,0.0024431460787600503,0.003306928624709163,0.02447930349308064,0.0029327820152689876,0.09095706069923132,0.0270965744479543,0.053951607454212805,0.027038866040907404,0.003098832325602965,0.16409788907855818,0.002620313211921681,0.002805343227602118,0.0028070325897865235,0.0030040809427321854,0.002760138778328458,0.0029268694501931925,0.0027525907337460805,0.0029135381808081022,0.0030608788314018262,0.0028003073071758157,0.03023571775859501,0.0030616601960997683,0.003025081131265022,0.002939326719584365,0.002682389812513452,0.003394656239412352,0.0028656143122964806,0.6470921631038046,0.0030836691991744662,0.026075308802143607,0.002681260705432062,0.002755617062310538,0.0029829213295213086,0.003050444329113733,0.002899129146637335,0.002887051514546831,0.0025837268320590395,0.002822082933574009,0.0029554401868944927,0.003654243418437693,0.00246641747180083,0.0029654308893089826,1.0000000000000002,0.002888994937418606,0.0026894747769061512,0.002743575789977031,0.023721109926502518,0.0026266979043348287,0.0028541129622724555,0.0030401158176968906,0.002789149272327671,0.0031588897374728734,0.0029276601856086356,0.025910108374560658,0.16246300398542013,0.14763872548776225,0.0028888929289963144,0.002471035306524622,0.0028977762063690385,0.002758872465090338,0.0024503455321796324,0.0027640221672071454,0.0030790359802514754,0.002716742333688687,0.0029268694501931925,0.002551326928028047,0.026003787517697906,0.026955114080054597,0.0028938780222056933,0.0027719147975012,0.028145744207529338
130,0.0032226972021500173,0.0036929435826441605,0.0025407926443310027,0.29228313212924173,0.003343742435488085,0.002724586965347915,0.0028891949771642114,0.003441005844372644,0.0032884102445470903,0.17721310177524002,0.0033128467407732842,0.003149510316838486,0.003561454091069303,0.003656517051006527,0.003343849733817611,0.004326762549041901,0.003498197611555755,0.0035843755161337545,0.003668056021767804,0.0032485872033602373,0.003010880399243941,0.0031767382366845683,0.16466766681281175,0.148541428015626,0.0028458925307268726,0.003189200868247532,0.0030523298530886166,0.003910232009456429,0.0032480433706649054,0.002798572690718801,0.0037880175154996454,0.0029669197096172098,0.003359440406415885,0.0031485736998253765,0.0032841359565426273,0.0034521303629881307,0.0032771416313026776,0.0035496475609638842,0.0034268442607648425,0.003001513933106861,0.003213461942826095,0.0032153970718448266,0.0034411118353209116,0.0031616811924501474,0.0033526676868895866,0.0031530350653846346,0.003337396996873104,0.0035061726278388995,0.003207693401394943,0.0036646037326084594,0.0035070676647440454,0.0034651671116872635,0.0033669372282085224,0.003072621379632104,0.003888507661735539,0.0032825012086858127,0.0030701996115267203,0.0035322785170505337,0.0031603573868554968,0.0030713280111060283,0.0031565016614049307,0.0034168739413231093,0.0034942201238938545,0.0033208917498555334,0.003307057075117547,0.002959605000838751,0.0032326369256037812,0.1726690294138621,0.004185859341357476,0.002825229584305763,0.0033968390081881624,0.002888994937418606,1.0000000000000002,0.15713023102978702,0.0031427086360074634,0.002875025778197901,0.0030088274646150313,0.0032693266529916355,0.003482389030273115,0.0031949121060481033,0.003618442069076014,0.003353573457755472,0.003140334905220283,0.0033927030744894475,0.003083128746782167,0.003309166376823008,0.0028305192173164982,0.0033193419850993675,0.0031602306571436806,0.0028068195139044085,0.0031661295331195075,0.0035269712617616543,0.15872331438332807,0.0033526676868895866,0.002922491589000084,0.003151688925004078,0.0032669907974179012,0.0033148766967411422,0.0031751703759045164,0.003411296536879295
131,0.003000130850534828,0.003437901011669298,0.07151824221414878,0.0032943418146147503,0.003112816441537746,0.002536421170518905,0.002689661001479693,0.003203362631675644,0.003061305609878162,0.16497438648600563,0.003084054469485038,0.002931998407830874,0.003315492465209616,0.003403990174104063,0.003112916329615474,0.004027947086576786,0.003256604613270498,0.003336830887704973,0.003414732238900356,0.0030242328329672286,0.0028029425684224984,0.0029573459093807015,0.1532953660558364,0.13828283975139444,0.002649349114475968,0.00296894784499102,0.002841529434459515,0.003640183035654908,0.0030237265585193202,0.0026052972836816024,0.0035264089356688362,0.0027620178979098748,0.0031274302770665295,0.002931126475589058,0.0030573265133320435,0.09717058021474607,0.0030508152311312063,0.0033045013192889243,0.0031901790772772207,0.002794222970441156,0.002991533397943904,0.0029933348828196753,0.003203461302662656,0.002943328736779001,0.003121125296015467,0.0029352797297144883,0.0031069092324657053,0.0032640288578965884,0.002986163244304077,0.003411518372203538,0.003264862081641501,0.003225855270267396,0.0031344093523349255,0.0028604195848425384,0.0036199590177851226,0.0030558046646536126,0.002858165069214773,0.003288331818643945,0.002942096356026018,0.002859215539109169,0.002938506915209885,0.0031808973293901165,0.0032529018194013973,0.0030915438730580408,0.003078664650504691,0.002755208358541953,0.0030093841154582367,0.20681439593709605,0.0038967749553472874,0.002630113195265326,0.0031622460515268237,0.0026894747769061512,0.15713023102978702,1.0000000000000002,0.12228610918949942,0.0026764703576556827,0.0028010314138435903,0.0030435399719130657,0.003241887806374214,0.0029742646525113795,0.003368544731743831,0.003121968512410866,0.0029234566697352938,0.04932810819914235,0.0028702012907762414,0.003080628279329458,0.002635037514923073,0.003090101138365826,0.002941978378538761,0.0026129745636449637,0.002947469865541248,0.003283391093740219,0.14776154330070823,0.003121125296015467,0.05821894479863232,0.0029340265566636155,0.0030413654355140275,0.003085944232358303,0.0029558863284146588,0.003175705112409063
132,0.0030604809678710645,0.0035070572384410807,0.0024129004506206948,0.0033606102292148094,0.003175433322884598,0.0025874433835092626,0.0027437657606121358,0.003267800924644658,0.003122886308175135,0.0032995969377230647,0.0031460927799379255,0.0029909779846419016,0.0033821863426673733,0.00347246425628683,0.0031755352202937556,0.0041089725789334695,0.0033221139128044056,0.003403954005207756,0.0034834224066151165,0.2840316869206781,0.05606305865402641,0.0030168353721830147,0.003066008797965015,0.0027657483340424805,0.002702642966607376,0.003028670690339059,0.0028986891529276045,0.003713408332907522,0.003084551323068108,0.002657704996744496,0.0035973455726509293,0.002817578175953724,0.003190341127820995,0.0029900885127607415,0.0031188271688057483,0.003278365484503621,0.0031121849067695614,0.003370974100741534,0.0032543521721283887,0.0028504310801973254,0.003051710570399232,0.003053548293635611,0.0032679015804803115,0.0030025362325427486,0.0031839093168531084,0.002994325313033418,0.0031694072854086017,0.0033296875022613185,0.0030462323916703596,0.0034801438903273585,0.003330537486992094,0.003290746021294355,0.0031974605929698087,0.057212685256839285,0.0036927774921649164,0.003117274706880467,0.0029156594272567544,0.0033544793371964323,0.05884634327934668,0.0029167310282232745,0.002997617416038422,0.0032448837141936305,0.003318336634169271,0.0031537328390679447,0.0031405945402839183,0.0028106316570604643,0.3811538886844983,0.0032149891570443486,0.003975161811622637,0.0026830201009469734,0.0032258572504255895,0.002743575789977031,0.0031427086360074634,0.12228610918949942,1.0000000000000002,0.05353342460079825,0.0028573764810788443,0.003104763299685498,0.003307101065146151,0.0030340944498470804,0.00343630579949088,0.0031847694952448127,0.35486800811200503,0.0032219295012219573,0.002927937767385615,0.0031425976691291458,0.002688043477373892,0.391377112435242,0.003001158710727883,0.0026655367115541,0.058953821535420926,0.0033494392255184217,0.002955328679640877,0.0031839093168531084,0.0544172453383247,0.0029930469313685115,0.3852044864270441,0.003148020556956847,0.003015346430536738,0.0032395870514668234
133,0.002799801921024306,0.003208340681223019,0.0022073796203305926,0.0030743674194826597,0.0029049631122788425,0.01800849945803668,0.035682930339273396,0.0029894632256803385,0.0028568918338516525,0.003018550986536359,0.0028781216748157853,0.11479017919427253,0.023539877744608594,0.00317669418549042,0.002905056330490262,0.355059292009921,0.0030391500592802257,0.0031140193528106145,0.0031867189661252604,0.07918835210644976,0.4109278023978716,0.002759873875748254,0.0028048589135292795,0.0025301733877824066,0.0024724430732251316,0.0027707011107015486,0.002651790860331511,0.0033971156472357954,0.002821822063422806,0.0024313327328342404,0.003290938630441002,0.02436093869995561,0.09368394316227519,0.002735405202628571,0.026965554362769453,0.05369073520934334,0.026908124993223096,0.023461841002266042,0.0029771599819987987,0.0026076432096342568,0.002791778549551794,0.0027934597431620595,0.0029895553080703237,0.020897528603368572,0.0029127171563146513,0.0027392811298658144,0.0028994503476256466,0.0030460785618695637,0.0027867669793150145,0.030089518971587265,0.0030468561484342407,0.02290345687125393,0.0029251141910625134,0.29461749318232333,0.025701579362137905,0.002851758205428613,0.0026673156772363893,0.0030687587313611366,0.7608925140731708,0.002668296003687078,0.002742292825221669,0.0029684980079518523,0.0030356945135376068,0.002885110985467779,0.0028730917523600834,0.0025712337359194907,0.05506527812849251,0.0029411497449130025,0.1975969789968211,0.002454491601692141,0.022451833696628964,0.023721109926502518,0.002875025778197901,0.0026764703576556827,0.05353342460079825,1.0,0.05809886577068511,0.0028403124678903205,0.0030254159435791675,0.021117172496967845,0.0031436155557386406,0.0029135040682865924,0.07654956774733755,0.002947498939423614,0.002678548199392437,0.002874924263017004,0.0024590871077964965,0.05654222661548666,0.0027455324871501546,0.0024384973747317187,0.30358349789581823,0.023311959157022215,0.0027036060676020332,0.0029127171563146513,0.5175064904061382,0.06590401288245765,0.07963696259311148,0.0028798852518017374,0.02098668705417851,0.02800965107107977
134,0.0029301027418057422,0.003357654609815828,0.0023101095220945233,0.10646847215791434,0.003040158061259822,0.11889969110243274,0.037343588929504345,0.0031285907507659556,0.0029898495791976032,0.00315903223564287,0.003012067442093542,0.13661783136462907,0.024635407170524194,0.00332453530833299,0.0030402556177815225,0.003933928015214108,0.0031805899748072806,0.0032589436328297004,0.003335026635238502,0.0029536421433606916,0.06475177363226013,0.0028883164732630365,0.002935395083200627,0.0026479258854400912,0.0025875088424702464,0.002899647600149048,0.0027752033499963136,0.003555215030553006,0.0029531476862113782,0.002544485255625985,0.0034440966097493806,0.0026975477466722932,0.043421632171566485,0.0028627090452310916,0.0029859633614689285,0.0031387052543795004,0.002979604063564991,0.024553738652839975,0.0031157149227390947,0.002729001098550975,0.0029217059682434426,0.0029234654034270367,0.003128687118605888,0.1379742771758766,0.003048272973075117,0.002866765355407753,0.0030343887364001013,0.0031878409250552897,0.002916461163037306,0.003331887785605172,0.003188654699954165,0.023969367715391356,0.0030612469571388475,0.02125403748932439,0.026897712867554095,0.002984477035302692,0.0027914506810083495,0.0032115766137527117,0.06386488114252718,0.0027924766311655585,0.0028699172129564633,0.0031066498264857413,0.0031769736103856223,0.003019382030368861,0.0030068034305690662,0.0026908971534260607,0.0029391400199357616,0.003078028794436288,0.02895456366866222,0.0025687219220230243,0.02349672631447843,0.0026266979043348287,0.0030088274646150313,0.0028010314138435903,0.0028573764810788443,0.05809886577068511,1.0,0.0029724986211544973,0.003166216682979113,0.1986798502792325,0.003289917222316603,0.0030490965073791797,0.0028552182655681895,0.0030846734760132605,0.0028032059568797183,0.003008721224988704,0.0025735312997633717,0.00301797297153511,0.002873307646482456,0.002551983334940174,0.021900855158742783,0.15391536364377664,0.0028294300007284646,0.003048272973075117,0.020215554772413977,0.04475428314905852,0.0029703748420987133,0.003013913094717437,0.13856293878453393,0.0031015788045969717
135,0.003183786076951089,0.0036483546619100068,0.0025101148938361313,0.0034960073825508193,0.003303369799655763,0.002691690066299102,0.03853612091648344,0.0033994588417155837,0.17819936560592634,0.003432535898820109,0.0032728471422354224,0.0031114828564329415,0.0035184527858472736,0.0036123679473709733,0.0033034758024559634,0.004274520843200135,0.0034559600705472405,0.0035410974556398292,0.003623767595599665,0.003209363480043863,0.002974526768472853,0.0031383820240160655,0.003189536620304774,0.0028771788260459094,0.0028115309777730518,0.0031506941806859084,0.0030154757580210688,0.05215472639226887,0.0032088262136316065,0.002764782481612525,0.2052731465867162,0.002931096864020961,0.0033188782319226754,0.003110557548214787,0.0032444830145007633,0.0034104490419295972,0.0032375731393496743,0.0035067888088091397,0.0033854682462950716,0.0029652733938593232,0.0031746623249482883,0.003176574089051609,0.0033995635529199602,0.0031235067798381128,0.0033121872867986537,0.003114965046859797,0.00329710097641632,0.0034638387957929115,0.04278425712219973,0.0036203569896787,0.003464723025944928,0.0034233283837955715,0.003326284536439544,0.0030355222829152287,0.003841557483368847,0.003242868004731189,0.0030331297554477455,0.0034896294802366683,0.0031221989579868926,0.00303424453063278,0.003118389786899436,0.18516082952510698,0.18935222890692147,0.0032807950151810786,0.003267127381504368,0.002923870473669962,0.04311695417885129,0.0033445193168009733,0.004135318913051645,0.0027911175175570485,0.003355825279737338,0.0028541129622724555,0.0032693266529916355,0.0030435399719130657,0.003104763299685498,0.0028403124678903205,0.0029724986211544973,1.0000000000000002,0.003440342363444494,0.0031563364605065145,0.0035747526860707003,0.04473000724832326,0.003102418229529477,0.0033517392836603945,0.003045902783204075,0.0032692112153183094,0.0027963432830805744,0.003279263962418834,0.171253297609455,0.0027729297319405723,0.0031279014108568743,0.003484386305207911,0.0030743972603757322,0.0033121872867986537,0.0028872051723809458,0.003113635159894811,0.003227544867512583,0.003274852588339071,0.04235046457694925,0.003370108246974607
136,0.003391273765490913,0.21316299084155912,0.002673699357334445,0.003723842567890369,0.0035186507725467582,0.0028671078037423286,0.003040326321352299,0.003621001948038009,0.0034604242015241564,0.0036562346405892765,0.0034861389501878288,0.0033142585361453187,0.0037477507405864513,0.0038477863635081283,0.0035187636835610978,0.004553091836330501,0.003681185368162231,0.0037718711659980855,0.0038599289280647296,0.0034185180507542547,0.0031683770048811033,0.003342910725436111,0.0033973990723869547,0.003064684886347448,0.002994758760587809,0.0033560252667092605,0.003211994644578558,0.0041147729367206985,0.0034179457706308646,0.0029449636597947406,0.003986165506012694,0.003122116768783042,0.0035351698910489155,0.0033132729254888938,0.18956591866634703,0.003632708380807817,0.003448566136657328,0.003735326620882846,0.003606099583976346,0.003158520586827044,0.1854864942718355,0.003383591771547411,0.0036211134832830833,0.00332706605996026,0.003528042896295812,0.0033179676613049928,0.003511973409407844,0.003689577550798052,0.003375485128615755,0.0038562960525810623,0.003690519406326254,0.003646427070798664,0.003543058865245117,0.0032333476037032264,0.004091912206755405,0.0034542060689976726,0.003230799154957743,0.20388912972257311,0.0033256730072152635,0.003231986580164103,0.0033216155920294007,0.003595607725562296,0.003676999821486804,0.003494604786886842,0.0034800464320213173,0.1708334393878588,0.003401733427466756,0.0035624820082467423,0.004404818101095644,0.0029730149529260457,0.0035745247820302196,0.0030401158176968906,0.003482389030273115,0.003241887806374214,0.003307101065146151,0.0030254159435791675,0.003166216682979113,0.003440342363444494,1.0,0.0033620352545258737,0.0038077197114949183,0.0035289960472691564,0.003304603166510334,0.003570172501139882,0.0032444046023367363,0.003482266069513931,0.0029785812821630626,0.0034929739552478152,0.0033255396483794705,0.002953641867322067,0.0033317470895654934,0.003711464143659842,0.0032747560677172747,0.003528042896295812,0.0030753646507750555,0.003316551105460341,0.003437884321242485,0.003488275091434455,0.0033412608511855036,0.0035897385718120702
137,0.003111318555767592,0.0035653128957998733,0.0024529810915499307,0.0034164332582443026,0.0032281803820417747,0.12625318898341875,0.03965314919425683,0.003322082300179739,0.0031747605099262254,0.0033544064761928615,0.003198352463925434,0.003040661059879773,0.026159014277876647,0.0035301452903137567,0.0032282839720667498,0.004177226639925478,0.003377297480295091,0.0034604970168298356,0.003541285466257084,0.0031363137806123165,0.02211502979929008,0.003066947963966062,0.003116938208536223,0.0028116901240773213,0.0027475365146510384,0.003078979878354319,0.00294683922023522,0.04519876100112472,0.0031357887431514315,0.002701852081073213,0.0036571010077161054,0.0028643809104517024,0.04610709650879078,0.003039756812999057,0.00317063394427429,0.0033328223477303606,0.0031638813477568102,0.08735668600954248,0.0033084101507055005,0.00289777953362794,0.003102402473399483,0.003104270723019636,0.0033221846280074574,0.14650746633251882,0.0032367971705758807,0.00304406399067598,0.00322205424617828,0.003384996874494379,0.07105926131037386,0.0035379524906011092,0.0033858609783044484,0.025451782792078624,0.038918762547990454,0.02256851962288602,0.1628308043025826,0.003169055694435144,0.0029640913874504535,0.0034102005261017294,0.023212943896498243,0.0029651807887591084,0.0030474107787378875,0.03949598598531834,0.003373457457360404,0.0032061194319242337,0.0031927628931229498,0.002857319003072607,0.003120914755497515,0.00326839327736839,0.03074529433085505,0.0027275876939632186,0.06093486860004034,0.002789149272327671,0.0031949121060481033,0.0029742646525113795,0.0030340944498470804,0.021117172496967845,0.1986798502792325,0.0031563364605065145,0.0033620352545258737,1.0,0.36520267485343627,0.038764289395164596,0.003031802756839241,0.0032754489074637563,0.0029765736828406197,0.0031947992959011984,0.0327182533678772,0.0032046232281109444,0.003051010897802319,0.002709813888340243,0.023255340527950794,0.16343444893248976,0.0030044195849892883,0.0032367971705758807,0.021465810662934633,0.00304276437383891,0.0031540813337185233,0.0032003122632097026,0.14713253444359634,0.00329339976692114
138,0.003523767032956611,0.004037944626758145,0.0027781577964256627,0.003869328925956843,0.0036561205170036574,0.002979122494198684,0.0031591084652703143,0.003762470438278214,0.0035956190990705495,0.0037990796326634628,0.003622338494161525,0.0034437429048649313,0.003894171164180714,0.003998115066840444,0.0036562378393248563,0.0047309760344761784,0.003825005157215484,0.00391923394759599,0.004010732027793434,0.0035520757219289776,0.0032921619455755363,0.0034735145030981135,0.0035301316487321493,0.0031844186921158937,0.0031117606309467964,0.00348714141480926,0.003337483677600029,0.1556673781446664,0.0035514810834621755,0.003060020091341034,0.24632859428882853,0.0032440943738690268,0.0036732850189626965,0.0034427187875041383,0.07684209181085387,0.00377463422826401,0.0035832977528915443,0.003881261648036495,0.0037469858555447396,0.003281920448308239,0.003513669000065177,0.0035157849121143065,0.0037625863310803828,0.0034570508042896667,0.003665879580507507,0.003447596941390018,0.0036491822767661932,0.003833725213026836,0.38639235360736474,0.12115507735329646,0.0038347038657955564,0.0037888888921065503,0.13403866814689358,0.003359670872920335,0.0724736634731692,0.21345569421959357,0.0033570228591368726,0.0038622699586233515,0.0034556033265342755,0.003358256675716015,0.003451387392681796,0.27929924660248284,0.003820656085919662,0.0036311350816178195,0.0036160079481344534,0.0032360963126077907,0.003534635342210025,0.00370166418998725,0.0045769094104865056,0.003089167317074839,0.08522470585135378,0.0031588897374728734,0.003618442069076014,0.003368544731743831,0.00343630579949088,0.0031436155557386406,0.003289917222316603,0.0035747526860707003,0.0038077197114949183,0.36520267485343627,1.0,0.13350665288449418,0.0034337103107532478,0.0037096551418236345,0.003371159856105556,0.0036183143043776967,0.11268372420924563,0.003629440535213344,0.20550463988548484,0.0030690373467160276,0.0034619147164783744,0.003856466890556652,0.0034026971192419584,0.003665879580507507,0.0031955157029773273,0.003446125042295194,0.0035721986109131017,0.003624558092053974,0.0034718001701085524,0.0037299856369611088
139,0.0032658285990065945,0.00374236858451083,0.002574797680795428,0.0035860954901864323,0.0033884938573328052,0.002761051837565596,0.03952915263212304,0.003487059003993232,0.003332421120651172,0.0035209884189890983,0.003357184665976429,0.003191662207276352,0.0036091192858278766,0.0037054545335396634,0.0033886025917038032,0.004384670351389078,0.13033585773100925,0.0036323474828348842,0.003717147937651641,0.0032920651024932524,0.003051176917731884,0.0032192545356109757,0.003271727327278651,0.0029513204302832005,0.002883980912121209,0.003231883962461893,0.0030931811158578623,0.15032791804059362,0.003291513991340674,0.0028360277607374315,0.00383871495199839,0.0030066278743655847,0.003404401924143482,0.00319071305492481,0.003328089627144412,0.0034983324090839744,0.0033210016924218625,0.0035971547414556703,0.003472707886946702,0.11183041566055987,0.003256469738360554,0.0032584307664360198,0.0034871664134854606,0.003203995973421368,0.003397538561024142,0.003195234129763714,0.0033820634936957187,0.0035530979557779,0.15898773476006442,0.0037136494443209284,0.00355400497152857,0.003511543636844152,0.0867875937981151,0.003113744216747084,0.003940550021478882,0.003326433000422116,0.0031112900365859917,0.07659831051828542,0.00320265445049838,0.003112433538251228,0.003198747121433156,0.04145738157788664,0.0035409854839057596,0.0033653373465082977,0.0033513175135599445,0.002999215268208805,0.04422802872302173,0.003430703750422367,0.0042418813468742995,0.002863041420407007,0.041214295095292765,0.0029276601856086356,0.003353573457755472,0.003121968512410866,0.0031847694952448127,0.0029135040682865924,0.0030490965073791797,0.04473000724832326,0.0035289960472691564,0.038764289395164596,0.13350665288449418,1.0,0.0031823639953157644,0.0034381097675615455,0.0031243922106436385,0.0033534550453854697,0.07296065694724291,0.003363766840269287,0.003202526024682601,0.0028443849563785668,0.0032085038490500275,0.003574174950985481,0.0031536209578684063,0.003397538561024142,0.0029616051440840294,0.0031938699731342405,0.003310715003500995,0.003359241790130114,0.04344178756164004,0.0034569520780295612
140,0.003058169344765512,0.0035044083101745823,0.0024110779539309236,0.0033580719143760105,0.00317303487469414,0.002585489052156635,0.0027416933568314757,0.0032653327099421148,0.0031205275494630975,0.0032971047070572564,0.0031437164930605806,0.02824655473747473,0.048879967652232806,0.0034698414565725675,0.003173136695138792,0.004105869015783344,0.0033196046747595576,0.003401382952222529,0.003480791330060136,0.39287598546181457,0.05602071345955761,0.0030145567151924316,0.0030636929996138386,0.0027636593265236513,0.002700601623435092,0.0030263830939709084,0.002896499733391242,0.003710603544838975,0.003082221519294283,0.0026556975958350595,0.0035946284483715446,0.0266089809362872,0.0031879314195617093,0.002987830058038655,0.02945395211624813,0.0586453489020628,0.029391223129559094,0.0033684279579289183,0.0032518941154524375,0.0028482781106428856,0.003049405571694764,0.003051241906873664,0.0032654332897510394,0.0030002683758877757,0.0031815044666285565,0.0029920636581981775,0.003167013388766613,0.003327172543780838,0.0030439315307091604,0.03286619807874959,0.003328021886506529,0.04755845561889582,0.003195045507281188,0.05716947173368432,0.0036899882868523634,0.003114920186687586,0.0029134571898402424,0.0033519456531041717,0.08414672095306716,0.04215312341347202,0.002995353274632785,0.003242432809173372,0.0033158302491546037,0.003151350781549515,0.0031382224063021334,0.002808508748554296,0.3650225202536419,0.003212560831791702,0.003972159317573981,0.002680993579193327,0.003223420716353468,0.025910108374560658,0.003140334905220283,0.0029234566697352938,0.35486800811200503,0.07654956774733755,0.0028552182655681895,0.003102418229529477,0.003304603166510334,0.003031802756839241,0.0034337103107532478,0.0031823639953157644,1.0000000000000002,0.0032194959338324933,0.0029257262559709836,0.0031402240221567656,0.0026860131613953716,0.37481307207378156,0.0029988918945339648,0.1471884279755641,0.05890929290823698,0.0033469093482913995,0.002953096479495842,0.0031815044666285565,0.05437614324914814,0.028266093703412352,0.39510166995135665,0.04549576144029378,0.003013068898164131,0.030594398703682794
141,0.003303934405546319,0.003786034676884781,0.07876042507725887,0.0036279381824280243,0.003428030926555558,0.0027932678905453604,0.0029620253131495086,0.0035277461349220228,0.0033713039311486525,0.003562071439562628,0.0033963564184188995,0.003228902637667469,0.0036512306205520504,0.0037486899114280675,0.0034281409296431403,0.004435830844074249,0.0035863795824529338,0.0036747298450041863,0.003760519754603325,0.0033304770375072166,0.003086778160669413,0.0032568169142898314,0.0033099019603937915,0.002985756544103539,0.16003913456999036,0.0032695937017512946,0.0031292724653025523,0.004008800473433442,0.0033299194959697217,0.0028691186355080246,0.003883505217282518,0.0030417093174493915,0.0034441246092667423,0.0032279424105718644,0.003366921897618559,0.10701040693647271,0.0033597512606165984,0.003639126473442174,0.19270903025240696,0.003077175586245717,0.003294466345374829,0.0032964502547970028,0.0035278547976721024,0.003241380314643191,0.0034371811641776026,0.003232516237475961,0.003421525533202334,0.003594555631591244,0.003288552391531605,0.003756980440725545,0.003595473230434589,0.0035525164553570666,0.0034518104096690943,0.003150075497198741,0.003986528502047108,0.0033652459413155843,0.17265307227197374,0.0036213195936216067,0.0032400231387820825,0.0031487495256586587,0.003236070218859613,0.0035030059189614686,0.003582301830957999,0.0034046042247228995,0.003390420807855227,0.003034210220735131,0.003314124687859717,0.054206224414913795,0.004291375772276057,0.0028964474915383685,0.003482465948636857,0.16246300398542013,0.0033927030744894475,0.04932810819914235,0.0032219295012219573,0.002947498939423614,0.0030846734760132605,0.0033517392836603945,0.003570172501139882,0.0032754489074637563,0.0037096551418236345,0.0034381097675615455,0.0032194959338324933,1.0000000000000002,0.17338014386539458,0.0033925832804796176,0.002901870464719101,0.0034030153937601323,0.0032398932144892274,0.002877573343211003,0.0032459407883281793,0.0036158785539433373,0.0031904175215817345,0.0034371811641776026,0.002996161260318007,0.0032311361638174595,0.0033493445462363207,0.0033984375451718185,0.003255209531141683,0.0034972879202542764
142,0.003002459961738744,0.0034405699798454046,0.0023671563622529347,0.0032968993325405366,0.0031152330346834838,0.002538390286954294,0.002691749083595233,0.0032058495191373397,0.003063682213283079,0.003237042739161591,0.0030864487336609097,0.0029342746253299625,0.0033180664031583025,0.0034066328160578673,0.003115333000307977,0.0040310741290811,0.003259132834427965,0.0033394213914507485,0.003417383220311576,0.003026580655420792,0.002805118595157759,0.0029596418050714395,0.003007882994492947,0.002713314908468342,0.14543602713512727,0.002971252747688306,0.002843735417588843,0.00364300904275761,0.0030260739879335308,0.0026073198711603694,0.003529146615780419,0.002764162153328031,0.0031298582154667774,0.0029334020161752867,0.0030597000276189157,0.0032162137946623046,0.003053183690471784,0.003307066724409417,0.17512488947330607,0.0027963922278338906,0.002993855834631223,0.0029956587180655293,0.0605378270430438,0.0029456137504264616,0.0031235483396285413,0.0029375584946236544,0.0031093212396291914,0.0032665628427664406,0.0029884815119449,0.003414166858572607,0.003267396713373392,0.0032283596195863103,0.003136842708846319,0.002862640233085854,0.0036227693242437678,0.0030581769974737474,0.15689897956133,0.0032908846707902545,0.002944380412931269,0.11960139265798439,0.002940788185501072,0.0031833667762167666,0.0032554271659446837,0.003093943951531569,0.003081054730367145,0.002757347327465878,0.0030117204103098268,0.003154038964066683,0.003899800164133104,0.002632155048243028,0.003164701018684952,0.14763872548776225,0.003083128746782167,0.0028702012907762414,0.002927937767385615,0.002678548199392437,0.0028032059568797183,0.003045902783204075,0.0032444046023367363,0.0029765736828406197,0.003371159856105556,0.0031243922106436385,0.0029257262559709836,0.17338014386539458,1.0,0.0030830198836287195,0.00263708319083006,0.003092500096791695,0.0029442623438537775,0.002615003111276694,0.0029497580940982832,0.0032859401102212516,0.0028993011646049824,0.0031235483396285413,0.0027227702244681847,0.0029363043486887513,0.003043726558632973,0.05831703290678345,0.0029581810909793597,0.003178170528327947
143,0.0032225834109304977,0.00369281318734869,0.002540702930691958,0.0035386094175924422,0.0033436243702447107,0.0027244907620579293,0.002889092961678654,0.0034408843448252634,0.0032882941330452846,0.003474364476005912,0.0033127297664356198,0.0031493991097975007,0.003561328338577255,0.2005617230221229,0.18341176994017253,0.004326609774035085,0.0034980740926064497,0.0035842489543019686,0.0036679265052349743,0.0032484724979825992,0.003010774087129905,0.0031766260682444787,0.003228404029894058,0.0029122398713343177,0.002845792044220887,0.0031890882597605022,0.003052222077422902,0.0039100939418562014,0.0032479286844896253,0.002798473875043789,0.0037878837632090603,0.0029668149497248594,0.0033593217868879647,0.003148462525855693,0.003284019995962988,0.0034520084706416566,0.1797527983578443,0.003549522225352286,0.00342672326125323,0.0030014079517162963,0.003213348477697224,0.4387183818858706,0.0034409903320310638,0.0031615695556639232,0.0033525493065017296,0.0031529237338872047,0.0033372791556827985,0.0035060488272972597,0.003207580139949299,0.003664474337973583,0.0035069438325992684,0.0034650447590221685,0.0033668183439729857,0.0030725128874865572,0.0038883703612070733,0.18004677376111397,0.0030700912048921376,0.0035321537947279186,0.003160245796811937,0.003071219564628433,0.0031563902075043824,0.0034167532938566116,0.0034940967453869,0.003320774491454137,0.0033069403052089913,0.002959500499223732,0.0032325227834194693,0.0033852753317461645,0.0041857115415459166,0.00282512982739419,0.003396719068141361,0.0028888929289963144,0.003309166376823008,0.003080628279329458,0.0031425976691291458,0.002874924263017004,0.003008721224988704,0.0032692112153183094,0.003482266069513931,0.0031947992959011984,0.0036183143043776967,0.0033534550453854697,0.0031402240221567656,0.0033925832804796176,0.0030830198836287195,1.0000000000000002,0.0028304192736316254,0.0710275818460422,0.0031601190715748596,0.002806720407039747,0.003166017739265437,0.0035268467268345697,0.0031118615919649957,0.0033525493065017296,0.002922388397834086,0.0031515776410379385,0.003266875442222027,0.00331475965072713,0.0031750582628245114,0.0034111760863471084
144,0.002756459855850879,0.0031586742709459477,0.0021732084917773765,0.0030267749694376476,0.002859993109367805,0.0023304127327710682,0.00247120640591552,0.0029431851268662632,0.00281266599375689,0.0029718225974294946,0.0028335671882036458,0.002693861138477925,0.0030462077616038564,0.0031275176757560455,0.002860084884523641,0.003700796731469604,0.0029921027882029356,0.0030658130748138293,0.0031373872687355153,0.002778604272321744,0.002575287230133591,0.0027171499128511366,0.0027614385640682797,0.002491005281263923,0.0024341686553055572,0.0027278095378319295,0.002610740066190782,0.08507137231966998,0.0027781391175464272,0.002393694719597134,0.0032399935705311428,0.0025376864663662836,0.0028734200073872425,0.002693060024679452,0.0028090100799190065,0.002952700227744744,0.002803027644855041,0.0030361093178993812,0.002931072342368813,0.002567275838966955,0.002748560689411109,0.002750215857464896,0.0029432757837836395,0.0027042712167228552,0.0028676271176684308,0.002696875950996751,0.00285456568453922,0.002998924034772293,0.09989239338102876,0.003134434432684963,0.0029996895839827166,0.002963850910600087,0.07325140038370823,0.00262809595624888,0.0033259455035340403,0.002807611835976404,0.0026260245526561945,0.003021253106074789,0.0027031389300853858,0.002626989703257264,0.0026998410240914325,0.034991306060243595,0.002988700735704843,0.002840448301502277,0.002828615130980215,0.0025314299986188295,0.0027649615694652642,0.0028956195583053046,0.0035802784167847427,0.0024164950798063176,0.034786133587023836,0.002471035306524622,0.0028305192173164982,0.002635037514923073,0.002688043477373892,0.0024590871077964965,0.0025735312997633717,0.0027963432830805744,0.0029785812821630626,0.0327182533678772,0.11268372420924563,0.07296065694724291,0.0026860131613953716,0.002901870464719101,0.00263708319083006,0.0028304192736316254,1.0,0.0028391227458982524,0.0027030305347440758,0.0024007484499427158,0.0027080760025004515,0.003016713667452138,0.002661753153113565,0.0028676271176684308,0.002499685896262984,0.0026957245608143694,0.0027943453627938754,0.0028353034643051715,0.002715808879229705,0.002917773954697835
145,0.0032324927786362718,0.0037041685004859854,0.0025485155320620167,0.003549490557787946,0.0033539059360351755,0.0027328685066589364,0.0028979768541471415,0.0034514649827352903,0.0032984055596661016,0.0034850480645268003,0.003322916332050688,0.0031590834375096605,0.003572279338917,0.0036676312482766065,0.0033540135605042453,0.0043399139966736324,0.0035088305876371465,0.0035952704349925054,0.003679205292413871,0.29999545382359993,0.05921403666609468,0.06016858663040993,0.0032383312958653636,0.002921194940002078,0.002854542787393182,0.0031988946306693035,0.0030616075880608197,0.003922117388170283,0.0032579159883116375,0.0028070791159659483,0.00379953141611668,0.002975937835466806,0.0033696516218630285,0.003158143973594402,0.0032941182797134516,0.003462623314975246,0.0032871026948131737,0.0035604369221733305,0.0034372603541664845,0.003010637210120504,0.003223229448201909,0.0032251704591583857,0.00345157129584924,0.0031712913072090318,0.00336285831625992,0.0031626188997350077,0.003347541210088685,0.003516829844448358,0.003217443372951953,0.0036757425098198687,0.0035177276018704844,0.0034756996896339416,0.0033771712306836328,0.06042827708475206,0.003900327008024885,0.0032924785629449885,0.003079531662674037,0.0035430150840359267,0.06215375351017477,0.003080663492089812,0.0031660960326765023,0.0034272597293561243,0.003504841010169046,0.003330985794408208,0.0033171090683678317,0.0029686008932035307,0.8291850186284684,0.003395684973257313,0.004198582505454809,0.0028338170347388452,0.0034071638988710357,0.0028977762063690385,0.0033193419850993675,0.003090101138365826,0.391377112435242,0.05654222661548666,0.00301797297153511,0.003279263962418834,0.0034929739552478152,0.0032046232281109444,0.003629440535213344,0.003363766840269287,0.37481307207378156,0.0034030153937601323,0.003092500096791695,0.0710275818460422,0.0028391227458982524,1.0,0.0031698363629157292,0.0028153510058525877,0.06226727249306264,0.0035376916970344314,0.0031214304926983835,0.00336285831625992,0.057475721769240415,0.003161268667682094,0.512014214142027,0.003324952458188345,0.003184821491824843,0.0034216653720655493
146,0.003077544532590877,0.0035266106677198307,0.002426353461253292,0.003379347150223719,0.0031931377989415696,0.002601869549885351,0.0027590634948976,0.003286020391831192,0.17225293096854838,0.0033179936820541683,0.003163633669206173,0.0030076540388151688,0.003401043560261089,0.003491824814054194,0.0031932402644748404,0.0041318819582985495,0.0033406361994491613,0.003422932587359022,0.0035028440610235965,0.0031022684289656677,0.002875268115414738,0.003033655592979249,0.003083103182836156,0.0027811686311108447,0.002717711422728941,0.0030455568983835256,0.0029148506551499188,0.0037341122628077087,0.0031017490908978387,0.0026725229033723106,0.40994132283234874,0.0028332874478176045,0.003208128721628749,0.003006759607726234,0.003136216039967998,0.0032966438538865024,0.003129536744318686,0.0033897688050186295,0.0032724966564408667,0.002866323521851732,0.003068725236188958,0.0030705732055630224,0.0032861216088686247,0.00301927672917234,0.0032016610504075663,0.003011020030075446,0.003187078163582902,0.0033482520150905255,0.0030632165141375595,0.10581293894205447,0.0033491067388703643,0.0033090934177657932,0.003215287881013735,0.0029342282363046643,0.003713366395802914,0.18642532226221353,0.002931915546428943,0.003373182075711203,0.00301801254876243,0.00293299312205521,0.0030143304880427186,0.17898209389139766,0.18303362811500376,0.003171316325119115,0.0031581047743809145,0.0028263021989417183,0.0030870365635363188,0.0032329141747558235,0.003997325135478081,0.002697979150723033,0.0032438428626699956,0.002758872465090338,0.0031602306571436806,0.002941978378538761,0.003001158710727883,0.0027455324871501546,0.002873307646482456,0.171253297609455,0.0033255396483794705,0.003051010897802319,0.20550463988548484,0.003202526024682601,0.0029988918945339648,0.0032398932144892274,0.0029442623438537775,0.0031601190715748596,0.0027030305347440758,0.0031698363629157292,1.0,0.0026803982835318795,0.003023524713282345,0.0033681138631324794,0.002971805972825435,0.0032016610504075663,0.002790860402668186,0.0030097345208549343,0.0031198431115124488,0.0031655721944533217,0.0030321583498102993,0.0032576492135578438
147,0.0027333802453499718,0.032273038539975506,0.0021550123967313986,0.003001432032837197,0.0028360466234941296,0.0023109003796110738,0.0024505151989694745,0.030071327044808492,0.0027891157739097674,0.0029469397724970433,0.002809841964383289,0.0026713056618626455,0.07179196639085979,0.0031013312288038298,0.0028361376302241726,0.003669810266375962,0.0029670501589096694,0.003040143275384282,0.0031111181844971857,0.00275533924845237,0.002553724563050563,0.03637715641335587,0.00273831726725505,0.0024701482999713266,0.0024137875623835175,0.002704969814075319,0.0025888805554422764,0.003316523476748838,0.0027548779883795334,0.0023736525115928653,0.0032128653722101773,0.002516438627369884,0.029358517746805708,0.027515730496933736,0.0027854904707362202,0.002927977512832848,0.002779558126106487,0.031020758908072363,0.0029065307159532264,0.0025457802505998764,0.028082795961187068,0.002727188527446293,0.03940452569361267,0.0026816285773830157,0.0028436167128743453,0.002674295231605481,0.0028306646420449572,0.0029738142917454034,0.0027206545407564018,0.04196375440527125,0.002974573431075575,0.042507568559127885,0.002855719644023248,0.002606091126067702,0.03398209445169129,0.0027841039341745585,0.0026040370661660583,0.0029959564035797917,0.0026805057712879572,0.0702414019253616,0.0026772354783882587,0.0028980742360258903,0.002963676591515901,0.029021636814022617,0.028900734075863972,0.049218390124478026,0.002741810774819087,0.002871374775119857,0.003550301041576901,0.002396261966270887,0.0028810812990501685,0.0024503455321796324,0.0028068195139044085,0.0026129745636449637,0.0026655367115541,0.0024384973747317187,0.002551983334940174,0.0027729297319405723,0.002953641867322067,0.002709813888340243,0.0030690373467160276,0.0028443849563785668,0.1471884279755641,0.002877573343211003,0.002615003111276694,0.002806720407039747,0.0024007484499427158,0.0028153510058525877,0.0026803982835318795,1.0,0.0026854015060038317,0.0029914549733014604,0.0026394665140054255,0.0028436167128743453,0.0024787562328986135,0.03609031416789622,0.002770948540075269,0.07581137069920449,0.002693069635995496,0.002893343674582861
148,0.0030832890669231423,0.00353319342739811,0.0024308824845095845,0.0033856550283127354,0.0031990980992782246,0.019831906347982597,0.039295918816503524,0.0032921540665051064,0.003146159480265724,0.0033241870379646845,0.0031695388972329355,0.0030132681157854875,0.02592335091337662,0.003498342642574356,0.003199200756073318,0.1975747765461971,0.0033468718198069237,0.003429321821879232,0.0035093824580332998,0.060939989165669756,0.2506256065287884,0.0030393182043636133,0.003088858092926379,0.0027863599511765806,0.0027227842937817322,0.0030512417247047555,0.0029202915056346515,0.003741082344269429,0.003107538805377692,0.002677511425685995,0.003624154631425325,0.0028385760526923034,0.045691723307982574,0.0030123720151544733,0.0031420700903397173,0.0033027973582791617,0.0031353783271394838,0.025837412750152895,0.0032786050877555294,0.00287167379175174,0.003074453308452054,0.0030763047272395717,0.0032922554724739233,0.023013457125176603,0.0032076372602169037,0.0030166403899937943,0.0031930271530244622,0.003354501851104294,0.003068934303838497,0.0035060795087479115,0.003355358170308682,0.025222490789651077,0.0032212895266195093,0.18708157612231807,0.028303930379812502,0.003140506058760601,0.0029373882501826667,0.0033794784460927526,0.2630680671099691,0.0029384678372079945,0.0030199570272508376,0.0032690660665567898,0.003343066391169825,0.0031772358935657115,0.0031639996821910864,0.0028315777651742265,0.06064077917288814,0.003238948721542549,0.12403624754535658,0.0027030151895828885,0.024725139606971393,0.0027640221672071454,0.0031661295331195075,0.002947469865541248,0.058953821535420926,0.30358349789581823,0.021900855158742783,0.0031279014108568743,0.0033317470895654934,0.023255340527950794,0.0034619147164783744,0.0032085038490500275,0.05890929290823698,0.0032459407883281793,0.0029497580940982832,0.003166017739265437,0.0027080760025004515,0.06226727249306264,0.003023524713282345,0.0026854015060038317,1.0,0.025672354982565718,0.0029773531359156644,0.0032076372602169037,0.30859557012941746,0.003015352481246071,0.06128522072396789,0.003171481040924827,0.023111643098456276,0.0032637299306852757
149,0.0034346895213814227,0.003935869189912873,0.002707928584064491,0.00377151593520957,0.0035636972340148225,0.1393751547678967,0.04377444918805084,0.0036673587294499994,0.0035047252349410907,0.0037030424778831997,0.003530769188891027,0.003356688327873588,0.02887781839739119,0.0038970464837546335,0.0035638115905382464,0.004611381416406495,0.0037283126295936638,0.0038201594049069604,0.003909344499818583,0.0034622825933603757,0.024413527498125285,0.00338570732814515,0.0034408932456649545,0.0031039195869667106,0.0030330982531477156,0.0033989897643633563,0.0032531152337889257,0.004167451071757573,0.0034617029867939275,0.00298266566564904,0.00403719718334564,0.0031620867236933406,0.05089917936769927,0.003355690099235065,0.003500169779898494,0.0036792150302819653,0.003492715360788078,0.02878208591746324,0.0036522655823831786,0.0031989565905989133,0.0034248467572501997,0.0034269091810356935,0.003667471692591288,0.16173453485938466,0.0035732095975853063,0.0033604449379854174,0.003556934385955469,0.00373681225060748,0.0034186987552616748,0.0039056651155461573,0.0037377661639559955,0.02809708170009656,0.003588417803931956,0.024914150213941607,0.031529710961049714,0.00349842749665508,0.0032721604832203722,0.003764635411921464,0.025625551910754895,0.003273363110078519,0.003364139570238746,0.0036416394051275243,0.0037240734987238323,0.003539343406901886,0.0035245986731048105,0.003154290845887456,0.003445283090013715,0.0036080896058427398,0.033940767676848456,0.003011076076969916,0.027543047725818164,0.0030790359802514754,0.0035269712617616543,0.003283391093740219,0.0033494392255184217,0.023311959157022215,0.15391536364377664,0.003484386305207911,0.003711464143659842,0.16343444893248976,0.003856466890556652,0.003574174950985481,0.0033469093482913995,0.0036158785539433373,0.0032859401102212516,0.0035268467268345697,0.003016713667452138,0.0035376916970344314,0.0033681138631324794,0.0029914549733014604,0.025672354982565718,0.9999999999999999,0.003316680141050351,0.0035732095975853063,0.023696832590563748,0.0033590102471133367,0.0034818967946646266,0.0035329326774393823,0.1624245686353501,0.003635695113312924
150,0.0030305480305078277,0.003472756575979988,0.0023893011540361466,0.003327741887098206,0.0031443760976468406,0.0025621369752869693,0.002716930446322001,0.0032358403009976637,0.003092343017353712,0.1666469987334966,0.0031153225189529924,0.0029617248190091203,0.0033491069760551765,0.003438501929394199,0.0031444769984516094,0.004068784902511476,0.00328962208269357,0.003370661740660168,0.003449352903879591,0.0030548943737277656,0.00283136053177316,0.00298732930918875,0.15484956917918216,0.13968483660868014,0.002676209852504096,0.0029990488723896885,0.0028703386152961184,0.0036770894600898405,0.00305438296635674,0.0026317113970349528,0.0035621618479911472,0.0027900209416685806,0.003159138097268299,0.0029608440465795772,0.0030883235782686166,0.003246301534512876,0.00308174628066631,0.0033380043951070693,0.003222523083580259,0.0028225525291207206,0.0030218634116312326,0.0030236831610735895,0.0032359399723720984,0.0029731700218317337,0.003152769192424272,0.002965039408961114,0.003138408997639893,0.0032971215988982037,0.0030164388120562506,0.0034461064530167504,0.0032979632703801884,0.003258560983854882,0.0031661879307132742,0.0028894202856936156,0.003656660398632969,0.0030867863001481214,0.002887142912393629,0.0033216709580754147,0.0029719251464413415,0.0028882040326007694,0.0029682993136567423,0.00321314723159903,0.0032858817476127252,0.0031228878547261956,0.0031098780546581196,0.002783142362983774,0.0030398951107474793,0.16237386083643585,0.003936282867180514,0.0026567789076609987,0.0031943068555584384,0.002716742333688687,0.15872331438332807,0.14776154330070823,0.002955328679640877,0.0027036060676020332,0.0028294300007284646,0.0030743972603757322,0.0032747560677172747,0.0030044195849892883,0.0034026971192419584,0.0031536209578684063,0.002953096479495842,0.0031904175215817345,0.0028993011646049824,0.0031118615919649957,0.002661753153113565,0.0031214304926983835,0.002971805972825435,0.0026394665140054255,0.0029773531359156644,0.003316680141050351,1.0000000000000002,0.003152769192424272,0.0027482417905446187,0.002963773530467671,0.003072200677183303,0.0031172314414097176,0.002985854930089179,0.003207902372714593
151,0.0911775805506902,0.003741357803480996,0.0025741022504569572,0.10011900517938971,0.0033875786547723527,0.0027603061016080663,0.002927072112445263,0.09735403851822305,0.003331521062846574,0.0035200374308061305,0.003356277919754781,0.003190800167223401,0.003608144494268429,0.0037044537226722045,0.003387687359775148,0.004383486090268566,0.003544058726925269,0.0036313664175425422,0.1037778147962688,0.0032911759444962684,0.0030503528215271767,0.00321838504311142,0.0032708436623369104,0.002950523304442566,0.0028832019740955847,0.0032310110588645823,0.003092345674686544,0.003961494865709851,0.003290624982193993,0.0028352617744386737,0.0038376781486571905,0.003005815810467935,0.0034034824249532906,0.0031898512712296096,0.0033271907392383336,0.003497387540091168,0.003320104718904973,0.0035961831814150347,0.0034717699389132536,0.0030408635617026566,0.0032555901943601613,0.003257550692779092,0.0034862245603304257,0.003203130602126033,0.09485474709728613,0.0031943711249657336,0.0033811500279202545,0.0035521382950898244,0.0032497460277718672,0.003712646420079727,0.003553045065863472,0.003510595199614252,0.0034110775295324693,0.0031129032216620275,0.003939485713375905,0.003325534559956429,0.003110449704353536,0.00357858643060367,0.0032017894415366554,0.0031115928971689718,0.003197883167806845,0.0034616689093113287,0.0035400290946904205,0.0033644283983189287,0.0033504123520048594,0.0029984052063912595,0.0032750165597625657,0.0034297771473388917,0.0042407356518153,0.0028622681379549915,0.003441371319665244,0.0029268694501931925,0.0033526676868895866,0.003121125296015467,0.0031839093168531084,0.0029127171563146513,0.003048272973075117,0.0033121872867986537,0.003528042896295812,0.0032367971705758807,0.003665879580507507,0.003397538561024142,0.0031815044666285565,0.0034371811641776026,0.0031235483396285413,0.0033525493065017296,0.0028676271176684308,0.00336285831625992,0.0032016610504075663,0.0028436167128743453,0.0032076372602169037,0.0035732095975853063,0.003152769192424272,1.0000000000000004,0.002960805240432131,0.003193007336783037,0.0033098208083288316,0.00335833448829722,0.003216796627790973,0.0034560183855023257
152,0.002846025808571578,0.0032613094208144024,0.0022438227938915895,0.0031251243008213127,0.0029529231794616756,0.018305814367206703,0.03627204478589693,0.003038818364318146,0.0029040582586872944,0.003068386355356421,0.0029256385979398968,0.002781393064202475,0.02392851404547421,0.0032291404509563935,0.002953017936677726,0.3609212141206381,0.0030893255125951733,0.003165430875641375,0.003239330737704102,0.15885911768401628,0.41771209681007687,0.002805438563278209,0.0028511662905016865,0.002571945789349003,0.09240245659742154,0.0028164445526237957,0.00269557112978786,0.003453201004733321,0.00286840949689751,0.0024714733049185024,0.003345271037328853,0.0026201437913239,0.042175683482833015,0.002780565919725396,0.0029002835528397037,0.003048642640414109,0.0028941067298564084,0.023849188939988712,0.003026311997784189,0.002650694614657025,0.002837869973649452,0.0028395789232605268,0.0030389119669606912,0.02124254051472001,0.002960805240432131,0.0027845058373554637,0.002947319400722272,0.003096368402678196,0.002832775663895523,0.0032362819548275752,0.003097158826963161,0.023281586054933225,0.002973406946494704,0.2994815393750399,0.026125904706478024,0.002898839875603165,0.0027113522567500372,0.003119423014945974,0.438449667766318,0.002712348768095549,0.002787567254895738,0.0030175070171512127,0.0030858129168317575,0.0029327433000083994,0.002920525632977431,0.002613684031483047,0.05597438930698598,0.0029897072425158363,0.20085924568370453,0.0024950145197351553,0.022822506717541585,0.002551326928028047,0.002922491589000084,0.05821894479863232,0.0544172453383247,0.5175064904061382,0.020215554772413977,0.0028872051723809458,0.0030753646507750555,0.021465810662934633,0.0031955157029773273,0.0029616051440840294,0.05437614324914814,0.002996161260318007,0.0027227702244681847,0.002922388397834086,0.002499685896262984,0.057475721769240415,0.002790860402668186,0.0024787562328986135,0.30859557012941746,0.023696832590563748,0.0027482417905446187,0.002960805240432131,1.0,0.002783317034925478,0.0565692402102518,0.0029274312910514103,0.02133317094473432,0.0030125815041426225
153,0.003069226291330333,0.0035170786534612403,0.0024197953129437145,0.06363963642807191,0.003184507122664272,0.0025948370022113166,0.0027516060704604636,0.003277138664819005,0.0031318099548758396,0.003309025534995366,0.003155082739124819,0.07219600257791815,0.0033918509391398424,0.003482386821870729,0.0031846093112452463,0.004120713966860817,0.003331606852326333,0.0034136808027694877,0.003493376285110333,0.029240470543840155,0.0028674966035423704,0.08939169237492678,0.0030747699171971396,0.0027736514590878743,0.002710365768084014,0.003037325115939701,0.0029069721563235898,0.003724019396119004,0.003093365427560223,0.0026652993879855602,0.0036076249865593527,0.026705186884090733,0.0031994575266488592,0.0029986326898003802,0.02956044418321937,0.05885738375559218,0.029497488397103713,0.0033806066582360212,0.0032636514824964033,0.0028585761861647766,0.06548968983748069,0.003062273806980305,0.09683102216560445,0.0030111159789379775,0.003193007336783037,0.0030028815967285813,0.0031784638657879724,0.003339202083312876,0.0030549369998273544,0.13261490190730468,0.0033400544968747677,0.0033001493270755824,0.003206597335667228,0.002926297362153337,0.0037033296027550867,0.003126182318432134,0.0029239909232066093,0.0033640647609089742,0.0724446491979099,0.03949138599199987,0.003006183106916947,0.0032541559684459006,0.0033278187801186175,0.00316274462972154,0.003149568788252629,0.002818663036188089,0.0030786926664314413,0.003224175987608419,0.0039865208353220246,0.0026906868300907985,0.003235075136563278,0.026003787517697906,0.003151688925004078,0.0029340265566636155,0.0029930469313685115,0.06590401288245765,0.04475428314905852,0.003113635159894811,0.003316551105460341,0.00304276437383891,0.003446125042295194,0.0031938699731342405,0.028266093703412352,0.0032311361638174595,0.0029363043486887513,0.0031515776410379385,0.0026957245608143694,0.003161268667682094,0.0030097345208549343,0.03609031416789622,0.003015352481246071,0.0033590102471133367,0.002963773530467671,0.003193007336783037,0.002783317034925478,1.0,0.029406120937767486,0.09907977977923646,0.003023962782068941,0.030705014105746276
154,0.00318151133806973,0.0036457479999038767,0.002508321476876674,0.0034935095690261674,0.003301009621069273,0.0026897669182287262,0.002852271250184355,0.0033970300098104464,0.00324638457198878,0.003430083434150063,0.00327050877135646,0.029385793926847995,0.0035159389356196674,0.0036097869970102853,0.0033011155481330124,0.0042714668004578795,0.0034534908698676437,0.003538567426338131,0.003621178500463407,0.32236719670192715,0.0582801391765321,0.003136139725242831,0.0031872577727979482,0.0028751231507002538,0.0028095222062423306,0.003148443085171683,0.0030133212728305518,0.0038602594945219143,0.0032065335841724493,0.0027628071107624057,0.003739606893979562,0.02768217354875427,0.0033165069729328505,0.0031083351293629507,0.030641888020099654,0.0610106313361382,0.030576629049821114,0.0035042832922137055,0.0033830494103352046,0.002963154777055354,0.003172394104769167,0.003174304502962834,0.003397134646201176,0.003121275109070493,0.0033098208083288316,0.003112739478955765,0.0032947452767538594,0.003461363965952869,0.0031666992849284786,0.03419175658331797,0.0034622475643436247,0.003420882497674436,0.0033239079858225665,0.059475229134546115,0.0038388127825751414,0.003240551053227795,0.0030309626568989848,0.003487136223570431,0.08754052395162572,0.0030320766356038554,0.003116161772100688,0.0033732065109381127,0.0034495642142436133,0.0032784509657372957,0.0032647930972574254,0.002921781438260622,0.49863980948620745,0.003342129737870259,0.004132364326753766,0.0027891233309546275,0.0033534276229669506,0.026955114080054597,0.0032669907974179012,0.0030413654355140275,0.3852044864270441,0.07963696259311148,0.0029703748420987133,0.003227544867512583,0.003437884321242485,0.0031540813337185233,0.0035721986109131017,0.003310715003500995,0.39510166995135665,0.0033493445462363207,0.003043726558632973,0.003266875442222027,0.0027943453627938754,0.512014214142027,0.0031198431115124488,0.002770948540075269,0.06128522072396789,0.0034818967946646266,0.003072200677183303,0.0033098208083288316,0.0565692402102518,0.029406120937767486,1.0000000000000002,0.00327251278461691,0.0031345919016232487,0.03182833106472592
155,0.003228144322696123,0.0036991855308021225,0.002545087184881414,0.06693476190205584,0.003349394151109733,0.0027291921617742802,0.002894078400065785,0.00344682195816132,0.003293968435678155,0.0034803598628831483,0.0033184462353630104,0.003154833734237296,0.05159674703436813,0.003662697429709942,0.003349501630798816,0.004334075801172224,0.003504110392958715,0.003590433958579376,0.003674255904061154,0.00325407808413223,0.003015969499291456,0.042961717877114544,0.0032339749857591992,0.0029172652521855615,0.0028507027622515064,0.0031945913720663522,0.0030574890125172963,0.003916841226451603,0.0032535333322310086,0.0028033029405211143,0.003794420161092263,0.0029719345057010985,0.0033651186553214905,0.003153895534119894,0.003289686923115954,0.0034579652798445836,0.0032826807758119594,0.0035556473049509585,0.0034326364381275383,0.0030065872016111256,0.003218893453599499,0.0032208318534439947,0.10817838021208868,0.003167025181507556,0.00335833448829722,0.0031583644404422073,0.0033430379872025863,0.003512098888905733,0.003213115161968878,0.04955953558706076,0.0035129954386349544,0.050201784530053806,0.0033726281485162036,0.0030778148365402593,0.0038950801594445383,0.0032880494121485895,0.003075388975073949,0.003538248903245041,0.003165699138368327,0.14571311233897877,0.0031618368958297428,0.003422649266487638,0.0035001261824018585,0.0033265048424135197,0.003312646783802868,0.002964607433334634,0.0032381008466335973,0.0033911169857925227,0.004192934433738543,0.002830004890563475,0.003402580469576769,0.0028938780222056933,0.0033148766967411422,0.003085944232358303,0.003148020556956847,0.0028798852518017374,0.003013913094717437,0.003274852588339071,0.003488275091434455,0.0032003122632097026,0.003624558092053974,0.003359241790130114,0.04549576144029378,0.0033984375451718185,0.05831703290678345,0.00331475965072713,0.0028353034643051715,0.003324952458188345,0.0031655721944533217,0.07581137069920449,0.003171481040924827,0.0035329326774393823,0.0031172314414097176,0.00335833448829722,0.0029274312910514103,0.09907977977923646,0.00327251278461691,1.0000000000000002,0.003180537164872601,0.003417062434911073
156,0.0030920933598060437,0.003543282416484624,0.002437823838658677,0.003395322723369132,0.003208233083386376,0.1254730559769553,0.07406230561461732,0.0033015547707491853,0.0031551432988177154,0.0033336792119530913,0.0031785894754139932,0.0030218724647291823,0.025997374713608676,0.0035083321156861667,0.003208336033316647,0.004151415075057105,0.0033564287699025938,0.0034391142069116485,0.003519403455198342,0.0031169341362755443,0.021978378481218298,0.0030479969390053365,0.003097678288092505,0.0027943163667298676,0.0027305591698504692,0.00305995450680781,0.002928630361045544,0.050652675544856675,0.0031164123430816445,0.002685157025653234,0.003634503359077979,0.002846681570662188,0.04582219544523484,0.0030209738052941644,0.0031510422316905645,0.0033122284543081115,0.0031443313602452596,0.025911191155048217,0.0032879671030623774,0.0028798738198963494,0.0030832323709385403,0.0030850890764289587,0.003301656466281462,0.14560217981184054,0.003216796627790973,0.003025254368423783,0.0032021448016224703,0.41510426335558703,0.04155207484243941,0.003516091074383099,0.0033649393530707367,0.02529451329267574,0.0032304878780673946,0.0825668965078714,0.028384751894562597,0.003149473734039081,0.002945775925131098,0.003389128503996842,0.023069508440676036,0.002946858594903504,0.0030285804762965112,0.0032784008433094096,0.003352612474912215,0.00318630845042232,0.003173034443213742,0.0028396632996227317,0.041875190257494074,0.003248197498597896,0.03055531561353263,0.0027107336152249477,0.02479574192999252,0.0027719147975012,0.0031751703759045164,0.0029558863284146588,0.003015346430536738,0.02098668705417851,0.13856293878453393,0.04235046457694925,0.0033412608511855036,0.14713253444359634,0.0034718001701085524,0.04344178756164004,0.003013068898164131,0.003255209531141683,0.0029581810909793597,0.0031750582628245114,0.002715808879229705,0.003184821491824843,0.0030321583498102993,0.002693069635995496,0.023111643098456276,0.1624245686353501,0.002985854930089179,0.003216796627790973,0.02133317094473432,0.003023962782068941,0.0031345919016232487,0.003180537164872601,1.0,0.003273049470169493
157,0.0033220413777037016,0.0038067837645077546,0.0026191161524581497,0.0036478208337142166,0.0034468180006686482,0.002808576192016876,0.07744083069918693,0.0035470796909805565,0.00338978011709015,0.14970232992461113,0.0034149699026943814,0.11185541014686158,0.00367124092435092,0.0037692343337806856,0.00344692860662015,0.004460141092320606,0.0036060344748552373,0.0036948689345931616,0.0037811290095508764,0.0316490358904294,0.0031036950238242725,0.003274665662464052,0.0033280416373013925,0.003002119765637856,0.002933621172124157,0.0032875124721797214,0.003146422215402609,0.004030770412798796,0.0033481688775248253,0.07501182705019113,0.003904788485111426,0.18183642704051525,0.00346299988363716,0.003245632914129,0.03199536606256261,0.3614944099501387,0.03192722454851628,0.003659070441343351,0.003532481556632862,0.003094039823190008,0.0033125214285172175,0.0033145162106106556,0.003547188949248933,0.003259144463656019,0.0034560183855023257,0.14263649530973843,0.003440276954980402,0.003614255332236065,0.00330657506368018,0.03570203531478526,0.003615177959913118,0.003571985763354771,0.003470727805509496,0.003167339256801741,0.004008376381493505,0.0033836889268845033,0.0031648428342871088,0.0036411659722133294,0.03078946572827517,0.003166006018371094,0.06962767967853374,0.0035222038880662137,0.0036019343755398802,0.0034232629105008247,0.003409001762448814,0.0030508389891193543,0.003332287507118003,0.0034897544277164814,0.004314894345010137,0.0029123212613070917,0.003501551349928465,0.028145744207529338,0.003411296536879295,0.003175705112409063,0.0032395870514668234,0.02800965107107977,0.0031015788045969717,0.003370108246974607,0.0035897385718120702,0.00329339976692114,0.0037299856369611088,0.0034569520780295612,0.030594398703682794,0.0034972879202542764,0.003178170528327947,0.0034111760863471084,0.002917773954697835,0.0034216653720655493,0.0032576492135578438,0.002893343674582861,0.0032637299306852757,0.003635695113312924,0.003207902372714593,0.0034560183855023257,0.0030125815041426225,0.030705014105746276,0.03182833106472592,0.003417062434911073,0.003273049470169493,0.9999999999999998
